,,,,,
ID,Group_ID,Asset_Type,Reward_Id,Reward_Value,_Desc_TestIDX
;스테이지 최초보상,,,,,
11000101,11000101,Coin,Gold,500,
11000102,11000101,Coin,Exp,10,
11000103,11000101,Coin,BlueDia,50,
11000201,11000201,Coin,Gold,558,
11000202,11000201,Coin,Exp,11,
11000203,11000201,Coin,BlueDia,50,
11000301,11000301,Coin,Gold,622,
11000302,11000301,Coin,Exp,12,
11000303,11000301,Coin,BlueDia,50,
11000401,11000401,Coin,Gold,694,
11000402,11000401,Coin,Exp,14,
11000403,11000401,Coin,BlueDia,50,
11000501,11000501,Coin,Gold,774,
11000502,11000501,Coin,Exp,16,
11000503,11000501,Coin,BlueDia,50,
11000601,11000601,Coin,Gold,863,
11000602,11000601,Coin,Exp,18,
11000603,11000601,Coin,BlueDia,50,
11000701,11000701,Coin,Gold,962,
11000702,11000701,Coin,Exp,20,
11000703,11000701,Coin,BlueDia,50,
11000801,11000801,Coin,Gold,1073,
11000802,11000801,Coin,Exp,23,
11000803,11000801,Coin,BlueDia,50,
11000901,11000901,Coin,Gold,1196,
11000902,11000901,Coin,Exp,26,
11000903,11000901,Coin,BlueDia,50,
11001001,11001001,Coin,Gold,1334,
11001002,11001001,Coin,Exp,29,
11001003,11001001,Coin,BlueDia,50,
11001101,11001101,Coin,Gold,1487,
11001102,11001101,Coin,Exp,33,
11001103,11001101,Coin,BlueDia,50,
11001201,11001201,Coin,Gold,1658,
11001202,11001201,Coin,Exp,37,
11001203,11001201,Coin,BlueDia,50,
11001301,11001301,Coin,Gold,1849,
11001302,11001301,Coin,Exp,42,
11001303,11001301,Coin,BlueDia,50,
11001401,11001401,Coin,Gold,2062,
11001402,11001401,Coin,Exp,47,
11001403,11001401,Coin,BlueDia,50,
11001501,11001501,Coin,Gold,2299,
11001502,11001501,Coin,Exp,53,
11001503,11001501,Coin,BlueDia,50,
11001601,11001601,Coin,Gold,2563,
11001602,11001601,Coin,Exp,60,
11001603,11001601,Coin,BlueDia,50,
11001701,11001701,Coin,Gold,2858,
11001702,11001701,Coin,Exp,68,
11001703,11001701,Coin,BlueDia,50,
11001801,11001801,Coin,Gold,3187,
11001802,11001801,Coin,Exp,77,
11001803,11001801,Coin,BlueDia,50,
11001901,11001901,Coin,Gold,3554,
11001902,11001901,Coin,Exp,87,
11001903,11001901,Coin,BlueDia,50,
11002001,11002001,Coin,Gold,3963,
11002002,11002001,Coin,Exp,98,
11002003,11002001,Coin,BlueDia,50,
11002101,11002101,Coin,Gold,4419,
11002102,11002101,Coin,Exp,110,
11002103,11002101,Coin,BlueDia,50,
11002201,11002201,Coin,Gold,4927,
11002202,11002201,Coin,Exp,124,
11002203,11002201,Coin,BlueDia,50,
11002301,11002301,Coin,Gold,5494,
11002302,11002301,Coin,Exp,140,
11002303,11002301,Coin,BlueDia,50,
11002401,11002401,Coin,Gold,6126,
11002402,11002401,Coin,Exp,158,
11002403,11002401,Coin,BlueDia,50,
11002501,11002501,Coin,Gold,6830,
11002502,11002501,Coin,Exp,178,
11002503,11002501,Coin,BlueDia,50,
11002601,11002601,Coin,Gold,7615,
11002602,11002601,Coin,Exp,200,
11002603,11002601,Coin,BlueDia,50,
11002701,11002701,Coin,Gold,8491,
11002702,11002701,Coin,Exp,225,
11002703,11002701,Coin,BlueDia,50,
11002801,11002801,Coin,Gold,9467,
11002802,11002801,Coin,Exp,253,
11002803,11002801,Coin,BlueDia,50,
11002901,11002901,Coin,Gold,10556,
11002902,11002901,Coin,Exp,285,
11002903,11002901,Coin,BlueDia,50,
11003001,11003001,Coin,Gold,11770,
11003002,11003001,Coin,Exp,321,
11003003,11003001,Coin,BlueDia,50,
11003101,11003101,Coin,Gold,13124,
11003102,11003101,Coin,Exp,361,
11003103,11003101,Coin,BlueDia,50,
11003201,11003201,Coin,Gold,14633,
11003202,11003201,Coin,Exp,406,
11003203,11003201,Coin,BlueDia,50,
11003301,11003301,Coin,Gold,16316,
11003302,11003301,Coin,Exp,457,
11003303,11003301,Coin,BlueDia,50,
11003401,11003401,Coin,Gold,18192,
11003402,11003401,Coin,Exp,515,
11003403,11003401,Coin,BlueDia,50,
11003501,11003501,Coin,Gold,20284,
11003502,11003501,Coin,Exp,580,
11003503,11003501,Coin,BlueDia,50,
11003601,11003601,Coin,Gold,22617,
11003602,11003601,Coin,Exp,653,
11003603,11003601,Coin,BlueDia,50,
11003701,11003701,Coin,Gold,25218,
11003702,11003701,Coin,Exp,735,
11003703,11003701,Coin,BlueDia,50,
11003801,11003801,Coin,Gold,28118,
11003802,11003801,Coin,Exp,828,
11003803,11003801,Coin,BlueDia,50,
11003901,11003901,Coin,Gold,31352,
11003902,11003901,Coin,Exp,932,
11003903,11003901,Coin,BlueDia,50,
11004001,11004001,Coin,Gold,34957,
11004002,11004001,Coin,Exp,1049,
11004003,11004001,Coin,BlueDia,50,
11004101,11004101,Coin,Gold,38977,
11004102,11004101,Coin,Exp,1181,
11004103,11004101,Coin,BlueDia,50,
11004201,11004201,Coin,Gold,43459,
11004202,11004201,Coin,Exp,1330,
11004203,11004201,Coin,BlueDia,50,
11004301,11004301,Coin,Gold,48457,
11004302,11004301,Coin,Exp,1498,
11004303,11004301,Coin,BlueDia,50,
11004401,11004401,Coin,Gold,54030,
11004402,11004401,Coin,Exp,1687,
11004403,11004401,Coin,BlueDia,50,
11004501,11004501,Coin,Gold,60243,
11004502,11004501,Coin,Exp,1900,
11004503,11004501,Coin,BlueDia,50,
11004601,11004601,Coin,Gold,67171,
11004602,11004601,Coin,Exp,2139,
11004603,11004601,Coin,BlueDia,50,
11004701,11004701,Coin,Gold,74896,
11004702,11004701,Coin,Exp,2409,
11004703,11004701,Coin,BlueDia,50,
11004801,11004801,Coin,Gold,83509,
11004802,11004801,Coin,Exp,2713,
11004803,11004801,Coin,BlueDia,50,
11004901,11004901,Coin,Gold,93113,
11004902,11004901,Coin,Exp,3055,
11004903,11004901,Coin,BlueDia,50,
11005001,11005001,Coin,Gold,112500,
11005002,11005001,Coin,Exp,3440,
11005003,11005001,Coin,BlueDia,50,
11005101,11005101,Coin,Gold,113019,
11005102,11005101,Coin,Exp,3873,
11005103,11005101,Coin,BlueDia,50,
11005201,11005201,Coin,Gold,113538,
11005202,11005201,Coin,Exp,4361,
11005203,11005201,Coin,BlueDia,50,
11005301,11005301,Coin,Gold,114057,
11005302,11005301,Coin,Exp,4910,
11005303,11005301,Coin,BlueDia,50,
11005401,11005401,Coin,Gold,114576,
11005402,11005401,Coin,Exp,5529,
11005403,11005401,Coin,BlueDia,50,
11005501,11005501,Coin,Gold,115095,
11005502,11005501,Coin,Exp,6226,
11005503,11005501,Coin,BlueDia,50,
11005601,11005601,Coin,Gold,115614,
11005602,11005601,Coin,Exp,7010,
11005603,11005601,Coin,BlueDia,50,
11005701,11005701,Coin,Gold,116133,
11005702,11005701,Coin,Exp,7893,
11005703,11005701,Coin,BlueDia,50,
11005801,11005801,Coin,Gold,116652,
11005802,11005801,Coin,Exp,8888,
11005803,11005801,Coin,BlueDia,50,
11005901,11005901,Coin,Gold,117171,
11005902,11005901,Coin,Exp,10008,
11005903,11005901,Coin,BlueDia,50,
11006001,11006001,Coin,Gold,117690,
11006002,11006001,Coin,Exp,11269,
11006003,11006001,Coin,BlueDia,50,
11006101,11006101,Coin,Gold,118209,
11006102,11006101,Coin,Exp,12689,
11006103,11006101,Coin,BlueDia,50,
11006201,11006201,Coin,Gold,118728,
11006202,11006201,Coin,Exp,14288,
11006203,11006201,Coin,BlueDia,50,
11006301,11006301,Coin,Gold,119247,
11006302,11006301,Coin,Exp,16088,
11006303,11006301,Coin,BlueDia,50,
11006401,11006401,Coin,Gold,119766,
11006402,11006401,Coin,Exp,18115,
11006403,11006401,Coin,BlueDia,50,
11006501,11006501,Coin,Gold,120285,
11006502,11006501,Coin,Exp,20397,
11006503,11006501,Coin,BlueDia,50,
11006601,11006601,Coin,Gold,120804,
11006602,11006601,Coin,Exp,22967,
11006603,11006601,Coin,BlueDia,50,
11006701,11006701,Coin,Gold,121323,
11006702,11006701,Coin,Exp,25861,
11006703,11006701,Coin,BlueDia,50,
11006801,11006801,Coin,Gold,121842,
11006802,11006801,Coin,Exp,29119,
11006803,11006801,Coin,BlueDia,50,
11006901,11006901,Coin,Gold,122361,
11006902,11006901,Coin,Exp,32788,
11006903,11006901,Coin,BlueDia,50,
11007001,11007001,Coin,Gold,122880,
11007002,11007001,Coin,Exp,36919,
11007003,11007001,Coin,BlueDia,50,
11007101,11007101,Coin,Gold,123399,
11007102,11007101,Coin,Exp,41571,
11007103,11007101,Coin,BlueDia,50,
11007201,11007201,Coin,Gold,123918,
11007202,11007201,Coin,Exp,46809,
11007203,11007201,Coin,BlueDia,50,
11007301,11007301,Coin,Gold,124437,
11007302,11007301,Coin,Exp,52707,
11007303,11007301,Coin,BlueDia,50,
11007401,11007401,Coin,Gold,124956,
11007402,11007401,Coin,Exp,59348,
11007403,11007401,Coin,BlueDia,50,
11007501,11007501,Coin,Gold,125475,
11007502,11007501,Coin,Exp,65000,
11007503,11007501,Coin,BlueDia,50,
11007601,11007601,Coin,Gold,125994,
11007602,11007601,Coin,Exp,65008,
11007603,11007601,Coin,BlueDia,50,
11007701,11007701,Coin,Gold,126513,
11007702,11007701,Coin,Exp,65016,
11007703,11007701,Coin,BlueDia,50,
11007801,11007801,Coin,Gold,127032,
11007802,11007801,Coin,Exp,65024,
11007803,11007801,Coin,BlueDia,50,
11007901,11007901,Coin,Gold,127551,
11007902,11007901,Coin,Exp,65032,
11007903,11007901,Coin,BlueDia,50,
11008001,11008001,Coin,Gold,128070,
11008002,11008001,Coin,Exp,65040,
11008003,11008001,Coin,BlueDia,50,
11008101,11008101,Coin,Gold,128589,
11008102,11008101,Coin,Exp,65048,
11008103,11008101,Coin,BlueDia,50,
11008201,11008201,Coin,Gold,129108,
11008202,11008201,Coin,Exp,65056,
11008203,11008201,Coin,BlueDia,50,
11008301,11008301,Coin,Gold,129627,
11008302,11008301,Coin,Exp,65064,
11008303,11008301,Coin,BlueDia,50,
11008401,11008401,Coin,Gold,130146,
11008402,11008401,Coin,Exp,65072,
11008403,11008401,Coin,BlueDia,50,
11008501,11008501,Coin,Gold,130665,
11008502,11008501,Coin,Exp,65080,
11008503,11008501,Coin,BlueDia,50,
11008601,11008601,Coin,Gold,131184,
11008602,11008601,Coin,Exp,65088,
11008603,11008601,Coin,BlueDia,50,
11008701,11008701,Coin,Gold,131703,
11008702,11008701,Coin,Exp,65096,
11008703,11008701,Coin,BlueDia,50,
11008801,11008801,Coin,Gold,132222,
11008802,11008801,Coin,Exp,65104,
11008803,11008801,Coin,BlueDia,50,
11008901,11008901,Coin,Gold,132741,
11008902,11008901,Coin,Exp,65112,
11008903,11008901,Coin,BlueDia,50,
11009001,11009001,Coin,Gold,133260,
11009002,11009001,Coin,Exp,65120,
11009003,11009001,Coin,BlueDia,50,
11009101,11009101,Coin,Gold,133779,
11009102,11009101,Coin,Exp,65128,
11009103,11009101,Coin,BlueDia,50,
11009201,11009201,Coin,Gold,134298,
11009202,11009201,Coin,Exp,65136,
11009203,11009201,Coin,BlueDia,50,
11009301,11009301,Coin,Gold,134817,
11009302,11009301,Coin,Exp,65144,
11009303,11009301,Coin,BlueDia,50,
11009401,11009401,Coin,Gold,135336,
11009402,11009401,Coin,Exp,65152,
11009403,11009401,Coin,BlueDia,50,
11009501,11009501,Coin,Gold,135855,
11009502,11009501,Coin,Exp,65160,
11009503,11009501,Coin,BlueDia,50,
11009601,11009601,Coin,Gold,136374,
11009602,11009601,Coin,Exp,65168,
11009603,11009601,Coin,BlueDia,50,
11009701,11009701,Coin,Gold,136893,
11009702,11009701,Coin,Exp,65176,
11009703,11009701,Coin,BlueDia,50,
11009801,11009801,Coin,Gold,137412,
11009802,11009801,Coin,Exp,65184,
11009803,11009801,Coin,BlueDia,50,
11009901,11009901,Coin,Gold,137931,
11009902,11009901,Coin,Exp,65192,
11009903,11009901,Coin,BlueDia,50,
11010001,11010001,Coin,Gold,138450,
11010002,11010001,Coin,Exp,65200,
11010003,11010001,Coin,BlueDia,50,
11010101,11010101,Coin,Gold,138969,
11010102,11010101,Coin,Exp,65208,
11010103,11010101,Coin,BlueDia,50,
11010201,11010201,Coin,Gold,139488,
11010202,11010201,Coin,Exp,65216,
11010203,11010201,Coin,BlueDia,50,
11010301,11010301,Coin,Gold,140007,
11010302,11010301,Coin,Exp,65224,
11010303,11010301,Coin,BlueDia,50,
11010401,11010401,Coin,Gold,140526,
11010402,11010401,Coin,Exp,65232,
11010403,11010401,Coin,BlueDia,50,
11010501,11010501,Coin,Gold,141045,
11010502,11010501,Coin,Exp,65240,
11010503,11010501,Coin,BlueDia,50,
11010601,11010601,Coin,Gold,141564,
11010602,11010601,Coin,Exp,65248,
11010603,11010601,Coin,BlueDia,50,
11010701,11010701,Coin,Gold,142083,
11010702,11010701,Coin,Exp,65256,
11010703,11010701,Coin,BlueDia,50,
11010801,11010801,Coin,Gold,142602,
11010802,11010801,Coin,Exp,65264,
11010803,11010801,Coin,BlueDia,50,
11010901,11010901,Coin,Gold,143121,
11010902,11010901,Coin,Exp,65272,
11010903,11010901,Coin,BlueDia,50,
11011001,11011001,Coin,Gold,143640,
11011002,11011001,Coin,Exp,65280,
11011003,11011001,Coin,BlueDia,50,
11011101,11011101,Coin,Gold,144159,
11011102,11011101,Coin,Exp,65288,
11011103,11011101,Coin,BlueDia,50,
11011201,11011201,Coin,Gold,144678,
11011202,11011201,Coin,Exp,65296,
11011203,11011201,Coin,BlueDia,50,
11011301,11011301,Coin,Gold,145197,
11011302,11011301,Coin,Exp,65304,
11011303,11011301,Coin,BlueDia,50,
11011401,11011401,Coin,Gold,145716,
11011402,11011401,Coin,Exp,65312,
11011403,11011401,Coin,BlueDia,50,
11011501,11011501,Coin,Gold,146235,
11011502,11011501,Coin,Exp,65320,
11011503,11011501,Coin,BlueDia,50,
11011601,11011601,Coin,Gold,146754,
11011602,11011601,Coin,Exp,65328,
11011603,11011601,Coin,BlueDia,50,
11011701,11011701,Coin,Gold,147273,
11011702,11011701,Coin,Exp,65336,
11011703,11011701,Coin,BlueDia,50,
11011801,11011801,Coin,Gold,147792,
11011802,11011801,Coin,Exp,65344,
11011803,11011801,Coin,BlueDia,50,
11011901,11011901,Coin,Gold,148311,
11011902,11011901,Coin,Exp,65352,
11011903,11011901,Coin,BlueDia,50,
11012001,11012001,Coin,Gold,148830,
11012002,11012001,Coin,Exp,65360,
11012003,11012001,Coin,BlueDia,50,
11012101,11012101,Coin,Gold,149349,
11012102,11012101,Coin,Exp,65368,
11012103,11012101,Coin,BlueDia,50,
11012201,11012201,Coin,Gold,149868,
11012202,11012201,Coin,Exp,65376,
11012203,11012201,Coin,BlueDia,50,
11012301,11012301,Coin,Gold,150387,
11012302,11012301,Coin,Exp,65384,
11012303,11012301,Coin,BlueDia,50,
11012401,11012401,Coin,Gold,150906,
11012402,11012401,Coin,Exp,65392,
11012403,11012401,Coin,BlueDia,50,
11012501,11012501,Coin,Gold,151425,
11012502,11012501,Coin,Exp,65400,
11012503,11012501,Coin,BlueDia,50,
11012601,11012601,Coin,Gold,151944,
11012602,11012601,Coin,Exp,65408,
11012603,11012601,Coin,BlueDia,50,
11012701,11012701,Coin,Gold,152463,
11012702,11012701,Coin,Exp,65416,
11012703,11012701,Coin,BlueDia,50,
11012801,11012801,Coin,Gold,152982,
11012802,11012801,Coin,Exp,65424,
11012803,11012801,Coin,BlueDia,50,
11012901,11012901,Coin,Gold,153501,
11012902,11012901,Coin,Exp,65432,
11012903,11012901,Coin,BlueDia,50,
11013001,11013001,Coin,Gold,154020,
11013002,11013001,Coin,Exp,65440,
11013003,11013001,Coin,BlueDia,50,
11013101,11013101,Coin,Gold,154539,
11013102,11013101,Coin,Exp,65448,
11013103,11013101,Coin,BlueDia,50,
11013201,11013201,Coin,Gold,155058,
11013202,11013201,Coin,Exp,65456,
11013203,11013201,Coin,BlueDia,50,
11013301,11013301,Coin,Gold,155577,
11013302,11013301,Coin,Exp,65464,
11013303,11013301,Coin,BlueDia,50,
11013401,11013401,Coin,Gold,156096,
11013402,11013401,Coin,Exp,65472,
11013403,11013401,Coin,BlueDia,50,
11013501,11013501,Coin,Gold,156615,
11013502,11013501,Coin,Exp,65480,
11013503,11013501,Coin,BlueDia,50,
11013601,11013601,Coin,Gold,157134,
11013602,11013601,Coin,Exp,65488,
11013603,11013601,Coin,BlueDia,50,
11013701,11013701,Coin,Gold,157653,
11013702,11013701,Coin,Exp,65496,
11013703,11013701,Coin,BlueDia,50,
11013801,11013801,Coin,Gold,158172,
11013802,11013801,Coin,Exp,65504,
11013803,11013801,Coin,BlueDia,50,
11013901,11013901,Coin,Gold,158691,
11013902,11013901,Coin,Exp,65512,
11013903,11013901,Coin,BlueDia,50,
11014001,11014001,Coin,Gold,159210,
11014002,11014001,Coin,Exp,65520,
11014003,11014001,Coin,BlueDia,50,
11014101,11014101,Coin,Gold,159729,
11014102,11014101,Coin,Exp,65528,
11014103,11014101,Coin,BlueDia,50,
11014201,11014201,Coin,Gold,160248,
11014202,11014201,Coin,Exp,65536,
11014203,11014201,Coin,BlueDia,50,
11014301,11014301,Coin,Gold,160767,
11014302,11014301,Coin,Exp,65544,
11014303,11014301,Coin,BlueDia,50,
11014401,11014401,Coin,Gold,161286,
11014402,11014401,Coin,Exp,65552,
11014403,11014401,Coin,BlueDia,50,
11014501,11014501,Coin,Gold,161805,
11014502,11014501,Coin,Exp,65560,
11014503,11014501,Coin,BlueDia,50,
11014601,11014601,Coin,Gold,162324,
11014602,11014601,Coin,Exp,65568,
11014603,11014601,Coin,BlueDia,50,
11014701,11014701,Coin,Gold,162843,
11014702,11014701,Coin,Exp,65576,
11014703,11014701,Coin,BlueDia,50,
11014801,11014801,Coin,Gold,163362,
11014802,11014801,Coin,Exp,65584,
11014803,11014801,Coin,BlueDia,50,
11014901,11014901,Coin,Gold,163881,
11014902,11014901,Coin,Exp,65592,
11014903,11014901,Coin,BlueDia,50,
11015001,11015001,Coin,Gold,164400,
11015002,11015001,Coin,Exp,65600,
11015003,11015001,Coin,BlueDia,50,
11015101,11015101,Coin,Gold,164919,
11015102,11015101,Coin,Exp,65608,
11015103,11015101,Coin,BlueDia,50,
11015201,11015201,Coin,Gold,165438,
11015202,11015201,Coin,Exp,65616,
11015203,11015201,Coin,BlueDia,50,
11015301,11015301,Coin,Gold,165957,
11015302,11015301,Coin,Exp,65624,
11015303,11015301,Coin,BlueDia,50,
11015401,11015401,Coin,Gold,166476,
11015402,11015401,Coin,Exp,65632,
11015403,11015401,Coin,BlueDia,50,
11015501,11015501,Coin,Gold,166995,
11015502,11015501,Coin,Exp,65640,
11015503,11015501,Coin,BlueDia,50,
11015601,11015601,Coin,Gold,167514,
11015602,11015601,Coin,Exp,65648,
11015603,11015601,Coin,BlueDia,50,
11015701,11015701,Coin,Gold,168033,
11015702,11015701,Coin,Exp,65656,
11015703,11015701,Coin,BlueDia,50,
11015801,11015801,Coin,Gold,168552,
11015802,11015801,Coin,Exp,65664,
11015803,11015801,Coin,BlueDia,50,
11015901,11015901,Coin,Gold,169071,
11015902,11015901,Coin,Exp,65672,
11015903,11015901,Coin,BlueDia,50,
11016001,11016001,Coin,Gold,169590,
11016002,11016001,Coin,Exp,65680,
11016003,11016001,Coin,BlueDia,50,
11016101,11016101,Coin,Gold,170109,
11016102,11016101,Coin,Exp,65688,
11016103,11016101,Coin,BlueDia,50,
11016201,11016201,Coin,Gold,170628,
11016202,11016201,Coin,Exp,65696,
11016203,11016201,Coin,BlueDia,50,
11016301,11016301,Coin,Gold,171147,
11016302,11016301,Coin,Exp,65704,
11016303,11016301,Coin,BlueDia,50,
11016401,11016401,Coin,Gold,171666,
11016402,11016401,Coin,Exp,65712,
11016403,11016401,Coin,BlueDia,50,
11016501,11016501,Coin,Gold,172185,
11016502,11016501,Coin,Exp,65720,
11016503,11016501,Coin,BlueDia,50,
11016601,11016601,Coin,Gold,172704,
11016602,11016601,Coin,Exp,65728,
11016603,11016601,Coin,BlueDia,50,
11016701,11016701,Coin,Gold,173223,
11016702,11016701,Coin,Exp,65736,
11016703,11016701,Coin,BlueDia,50,
11016801,11016801,Coin,Gold,173742,
11016802,11016801,Coin,Exp,65744,
11016803,11016801,Coin,BlueDia,50,
11016901,11016901,Coin,Gold,174261,
11016902,11016901,Coin,Exp,65752,
11016903,11016901,Coin,BlueDia,50,
11017001,11017001,Coin,Gold,174780,
11017002,11017001,Coin,Exp,65760,
11017003,11017001,Coin,BlueDia,50,
11017101,11017101,Coin,Gold,175299,
11017102,11017101,Coin,Exp,65768,
11017103,11017101,Coin,BlueDia,50,
11017201,11017201,Coin,Gold,175818,
11017202,11017201,Coin,Exp,65776,
11017203,11017201,Coin,BlueDia,50,
11017301,11017301,Coin,Gold,176337,
11017302,11017301,Coin,Exp,65784,
11017303,11017301,Coin,BlueDia,50,
11017401,11017401,Coin,Gold,176856,
11017402,11017401,Coin,Exp,65792,
11017403,11017401,Coin,BlueDia,50,
11017501,11017501,Coin,Gold,177375,
11017502,11017501,Coin,Exp,65800,
11017503,11017501,Coin,BlueDia,50,
11017601,11017601,Coin,Gold,177894,
11017602,11017601,Coin,Exp,65808,
11017603,11017601,Coin,BlueDia,50,
11017701,11017701,Coin,Gold,178413,
11017702,11017701,Coin,Exp,65816,
11017703,11017701,Coin,BlueDia,50,
11017801,11017801,Coin,Gold,178932,
11017802,11017801,Coin,Exp,65824,
11017803,11017801,Coin,BlueDia,50,
11017901,11017901,Coin,Gold,179451,
11017902,11017901,Coin,Exp,65832,
11017903,11017901,Coin,BlueDia,50,
11018001,11018001,Coin,Gold,179970,
11018002,11018001,Coin,Exp,65840,
11018003,11018001,Coin,BlueDia,50,
11018101,11018101,Coin,Gold,180489,
11018102,11018101,Coin,Exp,65848,
11018103,11018101,Coin,BlueDia,50,
11018201,11018201,Coin,Gold,181008,
11018202,11018201,Coin,Exp,65856,
11018203,11018201,Coin,BlueDia,50,
11018301,11018301,Coin,Gold,181527,
11018302,11018301,Coin,Exp,65864,
11018303,11018301,Coin,BlueDia,50,
11018401,11018401,Coin,Gold,182046,
11018402,11018401,Coin,Exp,65872,
11018403,11018401,Coin,BlueDia,50,
11018501,11018501,Coin,Gold,182565,
11018502,11018501,Coin,Exp,65880,
11018503,11018501,Coin,BlueDia,50,
11018601,11018601,Coin,Gold,183084,
11018602,11018601,Coin,Exp,65888,
11018603,11018601,Coin,BlueDia,50,
11018701,11018701,Coin,Gold,183603,
11018702,11018701,Coin,Exp,65896,
11018703,11018701,Coin,BlueDia,50,
11018801,11018801,Coin,Gold,184122,
11018802,11018801,Coin,Exp,65904,
11018803,11018801,Coin,BlueDia,50,
11018901,11018901,Coin,Gold,184641,
11018902,11018901,Coin,Exp,65912,
11018903,11018901,Coin,BlueDia,50,
11019001,11019001,Coin,Gold,185160,
11019002,11019001,Coin,Exp,65920,
11019003,11019001,Coin,BlueDia,50,
11019101,11019101,Coin,Gold,185679,
11019102,11019101,Coin,Exp,65928,
11019103,11019101,Coin,BlueDia,50,
11019201,11019201,Coin,Gold,186198,
11019202,11019201,Coin,Exp,65936,
11019203,11019201,Coin,BlueDia,50,
11019301,11019301,Coin,Gold,186717,
11019302,11019301,Coin,Exp,65944,
11019303,11019301,Coin,BlueDia,50,
11019401,11019401,Coin,Gold,187236,
11019402,11019401,Coin,Exp,65952,
11019403,11019401,Coin,BlueDia,50,
11019501,11019501,Coin,Gold,187755,
11019502,11019501,Coin,Exp,65960,
11019503,11019501,Coin,BlueDia,50,
11019601,11019601,Coin,Gold,188274,
11019602,11019601,Coin,Exp,65968,
11019603,11019601,Coin,BlueDia,50,
11019701,11019701,Coin,Gold,188793,
11019702,11019701,Coin,Exp,65976,
11019703,11019701,Coin,BlueDia,50,
11019801,11019801,Coin,Gold,189312,
11019802,11019801,Coin,Exp,65984,
11019803,11019801,Coin,BlueDia,50,
11019901,11019901,Coin,Gold,189831,
11019902,11019901,Coin,Exp,65992,
11019903,11019901,Coin,BlueDia,50,
11020001,11020001,Coin,Gold,190350,
11020002,11020001,Coin,Exp,66000,
11020003,11020001,Coin,BlueDia,50,
11020101,11020101,Coin,Gold,190869,
11020102,11020101,Coin,Exp,66008,
11020103,11020101,Coin,BlueDia,50,
11020201,11020201,Coin,Gold,191388,
11020202,11020201,Coin,Exp,66016,
11020203,11020201,Coin,BlueDia,50,
11020301,11020301,Coin,Gold,191907,
11020302,11020301,Coin,Exp,66024,
11020303,11020301,Coin,BlueDia,50,
11020401,11020401,Coin,Gold,192426,
11020402,11020401,Coin,Exp,66032,
11020403,11020401,Coin,BlueDia,50,
11020501,11020501,Coin,Gold,192945,
11020502,11020501,Coin,Exp,66040,
11020503,11020501,Coin,BlueDia,50,
11020601,11020601,Coin,Gold,193464,
11020602,11020601,Coin,Exp,66048,
11020603,11020601,Coin,BlueDia,50,
11020701,11020701,Coin,Gold,193983,
11020702,11020701,Coin,Exp,66056,
11020703,11020701,Coin,BlueDia,50,
11020801,11020801,Coin,Gold,194502,
11020802,11020801,Coin,Exp,66064,
11020803,11020801,Coin,BlueDia,50,
11020901,11020901,Coin,Gold,195021,
11020902,11020901,Coin,Exp,66072,
11020903,11020901,Coin,BlueDia,50,
11021001,11021001,Coin,Gold,195540,
11021002,11021001,Coin,Exp,66080,
11021003,11021001,Coin,BlueDia,50,
11021101,11021101,Coin,Gold,196059,
11021102,11021101,Coin,Exp,66088,
11021103,11021101,Coin,BlueDia,50,
11021201,11021201,Coin,Gold,196578,
11021202,11021201,Coin,Exp,66096,
11021203,11021201,Coin,BlueDia,50,
11021301,11021301,Coin,Gold,197097,
11021302,11021301,Coin,Exp,66104,
11021303,11021301,Coin,BlueDia,50,
11021401,11021401,Coin,Gold,197616,
11021402,11021401,Coin,Exp,66112,
11021403,11021401,Coin,BlueDia,50,
11021501,11021501,Coin,Gold,198135,
11021502,11021501,Coin,Exp,66120,
11021503,11021501,Coin,BlueDia,50,
11021601,11021601,Coin,Gold,198654,
11021602,11021601,Coin,Exp,66128,
11021603,11021601,Coin,BlueDia,50,
11021701,11021701,Coin,Gold,199173,
11021702,11021701,Coin,Exp,66136,
11021703,11021701,Coin,BlueDia,50,
11021801,11021801,Coin,Gold,199692,
11021802,11021801,Coin,Exp,66144,
11021803,11021801,Coin,BlueDia,50,
11021901,11021901,Coin,Gold,200211,
11021902,11021901,Coin,Exp,66152,
11021903,11021901,Coin,BlueDia,50,
11022001,11022001,Coin,Gold,200730,
11022002,11022001,Coin,Exp,66160,
11022003,11022001,Coin,BlueDia,50,
11022101,11022101,Coin,Gold,201249,
11022102,11022101,Coin,Exp,66168,
11022103,11022101,Coin,BlueDia,50,
11022201,11022201,Coin,Gold,201768,
11022202,11022201,Coin,Exp,66176,
11022203,11022201,Coin,BlueDia,50,
11022301,11022301,Coin,Gold,202287,
11022302,11022301,Coin,Exp,66184,
11022303,11022301,Coin,BlueDia,50,
11022401,11022401,Coin,Gold,202806,
11022402,11022401,Coin,Exp,66192,
11022403,11022401,Coin,BlueDia,50,
11022501,11022501,Coin,Gold,203325,
11022502,11022501,Coin,Exp,66200,
11022503,11022501,Coin,BlueDia,50,
11022601,11022601,Coin,Gold,203844,
11022602,11022601,Coin,Exp,66208,
11022603,11022601,Coin,BlueDia,50,
11022701,11022701,Coin,Gold,204363,
11022702,11022701,Coin,Exp,66216,
11022703,11022701,Coin,BlueDia,50,
11022801,11022801,Coin,Gold,204882,
11022802,11022801,Coin,Exp,66224,
11022803,11022801,Coin,BlueDia,50,
11022901,11022901,Coin,Gold,205401,
11022902,11022901,Coin,Exp,66232,
11022903,11022901,Coin,BlueDia,50,
11023001,11023001,Coin,Gold,205920,
11023002,11023001,Coin,Exp,66240,
11023003,11023001,Coin,BlueDia,50,
11023101,11023101,Coin,Gold,206439,
11023102,11023101,Coin,Exp,66248,
11023103,11023101,Coin,BlueDia,50,
11023201,11023201,Coin,Gold,206958,
11023202,11023201,Coin,Exp,66256,
11023203,11023201,Coin,BlueDia,50,
11023301,11023301,Coin,Gold,207477,
11023302,11023301,Coin,Exp,66264,
11023303,11023301,Coin,BlueDia,50,
11023401,11023401,Coin,Gold,207996,
11023402,11023401,Coin,Exp,66272,
11023403,11023401,Coin,BlueDia,50,
11023501,11023501,Coin,Gold,208515,
11023502,11023501,Coin,Exp,66280,
11023503,11023501,Coin,BlueDia,50,
11023601,11023601,Coin,Gold,209034,
11023602,11023601,Coin,Exp,66288,
11023603,11023601,Coin,BlueDia,50,
11023701,11023701,Coin,Gold,209553,
11023702,11023701,Coin,Exp,66296,
11023703,11023701,Coin,BlueDia,50,
11023801,11023801,Coin,Gold,210072,
11023802,11023801,Coin,Exp,66304,
11023803,11023801,Coin,BlueDia,50,
11023901,11023901,Coin,Gold,210591,
11023902,11023901,Coin,Exp,66312,
11023903,11023901,Coin,BlueDia,50,
11024001,11024001,Coin,Gold,211110,
11024002,11024001,Coin,Exp,66320,
11024003,11024001,Coin,BlueDia,50,
11024101,11024101,Coin,Gold,211629,
11024102,11024101,Coin,Exp,66328,
11024103,11024101,Coin,BlueDia,50,
11024201,11024201,Coin,Gold,212148,
11024202,11024201,Coin,Exp,66336,
11024203,11024201,Coin,BlueDia,50,
11024301,11024301,Coin,Gold,212667,
11024302,11024301,Coin,Exp,66344,
11024303,11024301,Coin,BlueDia,50,
11024401,11024401,Coin,Gold,213186,
11024402,11024401,Coin,Exp,66352,
11024403,11024401,Coin,BlueDia,50,
11024501,11024501,Coin,Gold,213705,
11024502,11024501,Coin,Exp,66360,
11024503,11024501,Coin,BlueDia,50,
11024601,11024601,Coin,Gold,214224,
11024602,11024601,Coin,Exp,66368,
11024603,11024601,Coin,BlueDia,50,
11024701,11024701,Coin,Gold,214743,
11024702,11024701,Coin,Exp,66376,
11024703,11024701,Coin,BlueDia,50,
11024801,11024801,Coin,Gold,215262,
11024802,11024801,Coin,Exp,66384,
11024803,11024801,Coin,BlueDia,50,
11024901,11024901,Coin,Gold,215781,
11024902,11024901,Coin,Exp,66392,
11024903,11024901,Coin,BlueDia,50,
11025001,11025001,Coin,Gold,216300,
11025002,11025001,Coin,Exp,70000,
11025003,11025001,Coin,BlueDia,50,
;스테이지 반복 보상,,,,,
12000101,12000101,Coin,Gold,500,
12000102,12000101,Coin,Exp,10,
12000103,12000101,Item,2000001,1,
12000201,12000201,Coin,Gold,558,
12000202,12000201,Coin,Exp,11,
12000203,12000202,Item,2000001,1,
12000301,12000301,Coin,Gold,622,
12000302,12000301,Coin,Exp,12,
12000303,12000301,Item,2000001,1,
12000401,12000401,Coin,Gold,694,
12000402,12000401,Coin,Exp,14,
12000403,12000401,Item,2000001,1,
12000501,12000501,Coin,Gold,774,
12000502,12000501,Coin,Exp,16,
12000503,12000501,Item,2000001,1,
12000601,12000601,Coin,Gold,863,
12000602,12000601,Coin,Exp,18,
12000603,12000601,Item,2000001,1,
12000701,12000701,Coin,Gold,962,
12000702,12000701,Coin,Exp,20,
12000703,12000701,Item,2000001,1,
12000801,12000801,Coin,Gold,1073,
12000802,12000801,Coin,Exp,23,
12000803,12000801,Item,2000001,1,
12000901,12000901,Coin,Gold,1196,
12000902,12000901,Coin,Exp,26,
12000903,12000901,Item,2000001,1,
12001001,12001001,Coin,Gold,1334,
12001002,12001001,Coin,Exp,29,
12001003,12001001,Item,2000001,1,
12001101,12001101,Coin,Gold,1487,
12001102,12001101,Coin,Exp,33,
12001103,12001101,Item,2000001,1,
12001201,12001201,Coin,Gold,1658,
12001202,12001201,Coin,Exp,37,
12001203,12001201,Item,2000001,1,
12001301,12001301,Coin,Gold,1849,
12001302,12001301,Coin,Exp,42,
12001303,12001301,Item,2000001,1,
12001401,12001401,Coin,Gold,2062,
12001402,12001401,Coin,Exp,47,
12001403,12001401,Item,2000001,1,
12001501,12001501,Coin,Gold,2299,
12001502,12001501,Coin,Exp,53,
12001503,12001501,Item,2000001,1,
12001601,12001601,Coin,Gold,2563,
12001602,12001601,Coin,Exp,60,
12001603,12001601,Item,2000001,1,
12001701,12001701,Coin,Gold,2858,
12001702,12001701,Coin,Exp,68,
12001703,12001701,Item,2000001,1,
12001801,12001801,Coin,Gold,3187,
12001802,12001801,Coin,Exp,77,
12001803,12001801,Item,2000001,1,
12001901,12001901,Coin,Gold,3554,
12001902,12001901,Coin,Exp,87,
12001903,12001901,Item,2000001,1,
12002001,12002001,Coin,Gold,3963,
12002002,12002001,Coin,Exp,98,
12002003,12002001,Item,2000001,1,
12002101,12002101,Coin,Gold,4419,
12002102,12002101,Coin,Exp,110,
12002103,12002101,Item,2000001,1,
12002201,12002201,Coin,Gold,4927,
12002202,12002201,Coin,Exp,124,
12002203,12002201,Item,2000001,1,
12002301,12002301,Coin,Gold,5494,
12002302,12002301,Coin,Exp,140,
12002303,12002301,Item,2000001,1,
12002401,12002401,Coin,Gold,6126,
12002402,12002401,Coin,Exp,158,
12002403,12002401,Item,2000001,1,
12002501,12002501,Coin,Gold,6830,
12002502,12002501,Coin,Exp,178,
12002503,12002501,Item,2000001,1,
12002601,12002601,Coin,Gold,7615,
12002602,12002601,Coin,Exp,200,
12002603,12002601,Item,2000001,1,
12002701,12002701,Coin,Gold,8491,
12002702,12002701,Coin,Exp,225,
12002703,12002701,Item,2000001,1,
12002801,12002801,Coin,Gold,9467,
12002802,12002801,Coin,Exp,253,
12002803,12002801,Item,2000001,1,
12002901,12002901,Coin,Gold,10556,
12002902,12002901,Coin,Exp,285,
12002903,12002901,Item,2000001,1,
12003001,12003001,Coin,Gold,11770,
12003002,12003001,Coin,Exp,321,
12003003,12003001,Item,2000001,1,
12003101,12003101,Coin,Gold,13124,
12003102,12003101,Coin,Exp,361,
12003103,12003101,Item,2000001,1,
12003201,12003201,Coin,Gold,14633,
12003202,12003201,Coin,Exp,406,
12003203,12003201,Item,2000001,1,
12003301,12003301,Coin,Gold,16316,
12003302,12003301,Coin,Exp,457,
12003303,12003301,Item,2000001,1,
12003401,12003401,Coin,Gold,18192,
12003402,12003401,Coin,Exp,515,
12003403,12003401,Item,2000001,1,
12003501,12003501,Coin,Gold,20284,
12003502,12003501,Coin,Exp,580,
12003503,12003501,Item,2000001,1,
12003601,12003601,Coin,Gold,22617,
12003602,12003601,Coin,Exp,653,
12003603,12003601,Item,2000001,1,
12003701,12003701,Coin,Gold,25218,
12003702,12003701,Coin,Exp,735,
12003703,12003701,Item,2000001,1,
12003801,12003801,Coin,Gold,28118,
12003802,12003801,Coin,Exp,828,
12003803,12003801,Item,2000001,1,
12003901,12003901,Coin,Gold,31352,
12003902,12003901,Coin,Exp,932,
12003903,12003901,Item,2000001,1,
12004001,12004001,Coin,Gold,34957,
12004002,12004001,Coin,Exp,1049,
12004003,12004001,Item,2000001,1,
12004101,12004101,Coin,Gold,38977,
12004102,12004101,Coin,Exp,1181,
12004103,12004101,Item,2000001,1,
12004201,12004201,Coin,Gold,43459,
12004202,12004201,Coin,Exp,1330,
12004203,12004201,Item,2000001,1,
12004301,12004301,Coin,Gold,48457,
12004302,12004301,Coin,Exp,1498,
12004303,12004301,Item,2000001,1,
12004401,12004401,Coin,Gold,54030,
12004402,12004401,Coin,Exp,1687,
12004403,12004401,Item,2000001,1,
12004501,12004501,Coin,Gold,60243,
12004502,12004501,Coin,Exp,1900,
12004503,12004501,Item,2000001,1,
12004601,12004601,Coin,Gold,67171,
12004602,12004601,Coin,Exp,2139,
12004603,12004601,Item,2000001,1,
12004701,12004701,Coin,Gold,74896,
12004702,12004701,Coin,Exp,2409,
12004703,12004701,Item,2000001,1,
12004801,12004801,Coin,Gold,83509,
12004802,12004801,Coin,Exp,2713,
12004803,12004801,Item,2000001,1,
12004901,12004901,Coin,Gold,93113,
12004902,12004901,Coin,Exp,3055,
12004903,12004901,Item,2000001,1,
12005001,12005001,Coin,Gold,112500,
12005002,12005001,Coin,Exp,3440,
12005003,12005001,Item,2000001,1,
12005101,12005101,Coin,Gold,113019,
12005102,12005101,Coin,Exp,3873,
12005103,12005101,Item,2000001,1,
12005201,12005201,Coin,Gold,113538,
12005202,12005201,Coin,Exp,4361,
12005203,12005201,Item,2000001,1,
12005301,12005301,Coin,Gold,114057,
12005302,12005301,Coin,Exp,4910,
12005303,12005301,Item,2000001,1,
12005401,12005401,Coin,Gold,114576,
12005402,12005401,Coin,Exp,5529,
12005403,12005401,Item,2000001,1,
12005501,12005501,Coin,Gold,115095,
12005502,12005501,Coin,Exp,6226,
12005503,12005501,Item,2000001,1,
12005601,12005601,Coin,Gold,115614,
12005602,12005601,Coin,Exp,7010,
12005603,12005601,Item,2000001,1,
12005701,12005701,Coin,Gold,116133,
12005702,12005701,Coin,Exp,7893,
12005703,12005701,Item,2000001,1,
12005801,12005801,Coin,Gold,116652,
12005802,12005801,Coin,Exp,8888,
12005803,12005801,Item,2000001,1,
12005901,12005901,Coin,Gold,117171,
12005902,12005901,Coin,Exp,10008,
12005903,12005901,Item,2000001,1,
12006001,12006001,Coin,Gold,117690,
12006002,12006001,Coin,Exp,11269,
12006003,12006001,Item,2000001,1,
12006101,12006101,Coin,Gold,118209,
12006102,12006101,Coin,Exp,12689,
12006103,12006101,Item,2000001,1,
12006201,12006201,Coin,Gold,118728,
12006202,12006201,Coin,Exp,14288,
12006203,12006201,Item,2000001,1,
12006301,12006301,Coin,Gold,119247,
12006302,12006301,Coin,Exp,16088,
12006303,12006301,Item,2000001,1,
12006401,12006401,Coin,Gold,119766,
12006402,12006401,Coin,Exp,18115,
12006403,12006401,Item,2000001,1,
12006501,12006501,Coin,Gold,120285,
12006502,12006501,Coin,Exp,20397,
12006503,12006501,Item,2000001,1,
12006601,12006601,Coin,Gold,120804,
12006602,12006601,Coin,Exp,22967,
12006603,12006601,Item,2000001,1,
12006701,12006701,Coin,Gold,121323,
12006702,12006701,Coin,Exp,25861,
12006703,12006701,Item,2000001,1,
12006801,12006801,Coin,Gold,121842,
12006802,12006801,Coin,Exp,29119,
12006803,12006801,Item,2000001,1,
12006901,12006901,Coin,Gold,122361,
12006902,12006901,Coin,Exp,32788,
12006903,12006901,Item,2000001,1,
12007001,12007001,Coin,Gold,122880,
12007002,12007001,Coin,Exp,36919,
12007003,12007001,Item,2000001,1,
12007101,12007101,Coin,Gold,123399,
12007102,12007101,Coin,Exp,41571,
12007103,12007101,Item,2000001,1,
12007201,12007201,Coin,Gold,123918,
12007202,12007201,Coin,Exp,46809,
12007203,12007201,Item,2000001,1,
12007301,12007301,Coin,Gold,124437,
12007302,12007301,Coin,Exp,52707,
12007303,12007301,Item,2000001,1,
12007401,12007401,Coin,Gold,124956,
12007402,12007401,Coin,Exp,59348,
12007403,12007401,Item,2000001,1,
12007501,12007501,Coin,Gold,125475,
12007502,12007501,Coin,Exp,65000,
12007503,12007501,Item,2000001,1,
12007601,12007601,Coin,Gold,125994,
12007602,12007601,Coin,Exp,65008,
12007603,12007601,Item,2000001,1,
12007701,12007701,Coin,Gold,126513,
12007702,12007701,Coin,Exp,65016,
12007703,12007701,Item,2000001,1,
12007801,12007801,Coin,Gold,127032,
12007802,12007801,Coin,Exp,65024,
12007803,12007801,Item,2000001,1,
12007901,12007901,Coin,Gold,127551,
12007902,12007901,Coin,Exp,65032,
12007903,12007901,Item,2000001,1,
12008001,12008001,Coin,Gold,128070,
12008002,12008001,Coin,Exp,65040,
12008003,12008001,Item,2000001,1,
12008101,12008101,Coin,Gold,128589,
12008102,12008101,Coin,Exp,65048,
12008103,12008101,Item,2000001,1,
12008201,12008201,Coin,Gold,129108,
12008202,12008201,Coin,Exp,65056,
12008203,12008201,Item,2000001,1,
12008301,12008301,Coin,Gold,129627,
12008302,12008301,Coin,Exp,65064,
12008303,12008301,Item,2000001,1,
12008401,12008401,Coin,Gold,130146,
12008402,12008401,Coin,Exp,65072,
12008403,12008401,Item,2000001,1,
12008501,12008501,Coin,Gold,130665,
12008502,12008501,Coin,Exp,65080,
12008503,12008501,Item,2000001,1,
12008601,12008601,Coin,Gold,131184,
12008602,12008601,Coin,Exp,65088,
12008603,12008601,Item,2000001,1,
12008701,12008701,Coin,Gold,131703,
12008702,12008701,Coin,Exp,65096,
12008703,12008701,Item,2000001,1,
12008801,12008801,Coin,Gold,132222,
12008802,12008801,Coin,Exp,65104,
12008803,12008801,Item,2000001,1,
12008901,12008901,Coin,Gold,132741,
12008902,12008901,Coin,Exp,65112,
12008903,12008901,Item,2000001,1,
12009001,12009001,Coin,Gold,133260,
12009002,12009001,Coin,Exp,65120,
12009003,12009001,Item,2000001,1,
12009101,12009101,Coin,Gold,133779,
12009102,12009101,Coin,Exp,65128,
12009103,12009101,Item,2000001,1,
12009201,12009201,Coin,Gold,134298,
12009202,12009201,Coin,Exp,65136,
12009203,12009201,Item,2000001,1,
12009301,12009301,Coin,Gold,134817,
12009302,12009301,Coin,Exp,65144,
12009303,12009301,Item,2000001,1,
12009401,12009401,Coin,Gold,135336,
12009402,12009401,Coin,Exp,65152,
12009403,12009401,Item,2000001,1,
12009501,12009501,Coin,Gold,135855,
12009502,12009501,Coin,Exp,65160,
12009503,12009501,Item,2000001,1,
12009601,12009601,Coin,Gold,136374,
12009602,12009601,Coin,Exp,65168,
12009603,12009601,Item,2000001,1,
12009701,12009701,Coin,Gold,136893,
12009702,12009701,Coin,Exp,65176,
12009703,12009701,Item,2000001,1,
12009801,12009801,Coin,Gold,137412,
12009802,12009801,Coin,Exp,65184,
12009803,12009801,Item,2000001,1,
12009901,12009901,Coin,Gold,137931,
12009902,12009901,Coin,Exp,65192,
12009903,12009901,Item,2000001,1,
12010001,12010001,Coin,Gold,138450,
12010002,12010001,Coin,Exp,65200,
12010003,12010001,Item,2000001,1,
12010101,12010101,Coin,Gold,138969,
12010102,12010101,Coin,Exp,65208,
12010103,12010101,Item,2000001,1,
12010201,12010201,Coin,Gold,139488,
12010202,12010201,Coin,Exp,65216,
12010203,12010201,Item,2000001,1,
12010301,12010301,Coin,Gold,140007,
12010302,12010301,Coin,Exp,65224,
12010303,12010301,Item,2000001,1,
12010401,12010401,Coin,Gold,140526,
12010402,12010401,Coin,Exp,65232,
12010403,12010401,Item,2000001,1,
12010501,12010501,Coin,Gold,141045,
12010502,12010501,Coin,Exp,65240,
12010503,12010501,Item,2000001,1,
12010601,12010601,Coin,Gold,141564,
12010602,12010601,Coin,Exp,65248,
12010603,12010601,Item,2000001,1,
12010701,12010701,Coin,Gold,142083,
12010702,12010701,Coin,Exp,65256,
12010703,12010701,Item,2000001,1,
12010801,12010801,Coin,Gold,142602,
12010802,12010801,Coin,Exp,65264,
12010803,12010801,Item,2000001,1,
12010901,12010901,Coin,Gold,143121,
12010902,12010901,Coin,Exp,65272,
12010903,12010901,Item,2000001,1,
12011001,12011001,Coin,Gold,143640,
12011002,12011001,Coin,Exp,65280,
12011003,12011001,Item,2000001,1,
12011101,12011101,Coin,Gold,144159,
12011102,12011101,Coin,Exp,65288,
12011103,12011101,Item,2000001,1,
12011201,12011201,Coin,Gold,144678,
12011202,12011201,Coin,Exp,65296,
12011203,12011201,Item,2000001,1,
12011301,12011301,Coin,Gold,145197,
12011302,12011301,Coin,Exp,65304,
12011303,12011301,Item,2000001,1,
12011401,12011401,Coin,Gold,145716,
12011402,12011401,Coin,Exp,65312,
12011403,12011401,Item,2000001,1,
12011501,12011501,Coin,Gold,146235,
12011502,12011501,Coin,Exp,65320,
12011503,12011501,Item,2000001,1,
12011601,12011601,Coin,Gold,146754,
12011602,12011601,Coin,Exp,65328,
12011603,12011601,Item,2000001,1,
12011701,12011701,Coin,Gold,147273,
12011702,12011701,Coin,Exp,65336,
12011703,12011701,Item,2000001,1,
12011801,12011801,Coin,Gold,147792,
12011802,12011801,Coin,Exp,65344,
12011803,12011801,Item,2000001,1,
12011901,12011901,Coin,Gold,148311,
12011902,12011901,Coin,Exp,65352,
12011903,12011901,Item,2000001,1,
12012001,12012001,Coin,Gold,148830,
12012002,12012001,Coin,Exp,65360,
12012003,12012001,Item,2000001,1,
12012101,12012101,Coin,Gold,149349,
12012102,12012101,Coin,Exp,65368,
12012103,12012101,Item,2000001,1,
12012201,12012201,Coin,Gold,149868,
12012202,12012201,Coin,Exp,65376,
12012203,12012201,Item,2000001,1,
12012301,12012301,Coin,Gold,150387,
12012302,12012301,Coin,Exp,65384,
12012303,12012301,Item,2000001,1,
12012401,12012401,Coin,Gold,150906,
12012402,12012401,Coin,Exp,65392,
12012403,12012401,Item,2000001,1,
12012501,12012501,Coin,Gold,151425,
12012502,12012501,Coin,Exp,65400,
12012503,12012501,Item,2000001,1,
12012601,12012601,Coin,Gold,151944,
12012602,12012601,Coin,Exp,65408,
12012603,12012601,Item,2000001,1,
12012701,12012701,Coin,Gold,152463,
12012702,12012701,Coin,Exp,65416,
12012703,12012701,Item,2000001,1,
12012801,12012801,Coin,Gold,152982,
12012802,12012801,Coin,Exp,65424,
12012803,12012801,Item,2000001,1,
12012901,12012901,Coin,Gold,153501,
12012902,12012901,Coin,Exp,65432,
12012903,12012901,Item,2000001,1,
12013001,12013001,Coin,Gold,154020,
12013002,12013001,Coin,Exp,65440,
12013003,12013001,Item,2000001,1,
12013101,12013101,Coin,Gold,154539,
12013102,12013101,Coin,Exp,65448,
12013103,12013101,Item,2000001,1,
12013201,12013201,Coin,Gold,155058,
12013202,12013201,Coin,Exp,65456,
12013203,12013201,Item,2000001,1,
12013301,12013301,Coin,Gold,155577,
12013302,12013301,Coin,Exp,65464,
12013303,12013301,Item,2000001,1,
12013401,12013401,Coin,Gold,156096,
12013402,12013401,Coin,Exp,65472,
12013403,12013401,Item,2000001,1,
12013501,12013501,Coin,Gold,156615,
12013502,12013501,Coin,Exp,65480,
12013503,12013501,Item,2000001,1,
12013601,12013601,Coin,Gold,157134,
12013602,12013601,Coin,Exp,65488,
12013603,12013601,Item,2000001,1,
12013701,12013701,Coin,Gold,157653,
12013702,12013701,Coin,Exp,65496,
12013703,12013701,Item,2000001,1,
12013801,12013801,Coin,Gold,158172,
12013802,12013801,Coin,Exp,65504,
12013803,12013801,Item,2000001,1,
12013901,12013901,Coin,Gold,158691,
12013902,12013901,Coin,Exp,65512,
12013903,12013901,Item,2000001,1,
12014001,12014001,Coin,Gold,159210,
12014002,12014001,Coin,Exp,65520,
12014003,12014001,Item,2000001,1,
12014101,12014101,Coin,Gold,159729,
12014102,12014101,Coin,Exp,65528,
12014103,12014101,Item,2000001,1,
12014201,12014201,Coin,Gold,160248,
12014202,12014201,Coin,Exp,65536,
12014203,12014201,Item,2000001,1,
12014301,12014301,Coin,Gold,160767,
12014302,12014301,Coin,Exp,65544,
12014303,12014301,Item,2000001,1,
12014401,12014401,Coin,Gold,161286,
12014402,12014401,Coin,Exp,65552,
12014403,12014401,Item,2000001,1,
12014501,12014501,Coin,Gold,161805,
12014502,12014501,Coin,Exp,65560,
12014503,12014501,Item,2000001,1,
12014601,12014601,Coin,Gold,162324,
12014602,12014601,Coin,Exp,65568,
12014603,12014601,Item,2000001,1,
12014701,12014701,Coin,Gold,162843,
12014702,12014701,Coin,Exp,65576,
12014703,12014701,Item,2000001,1,
12014801,12014801,Coin,Gold,163362,
12014802,12014801,Coin,Exp,65584,
12014803,12014801,Item,2000001,1,
12014901,12014901,Coin,Gold,163881,
12014902,12014901,Coin,Exp,65592,
12014903,12014901,Item,2000001,1,
12015001,12015001,Coin,Gold,164400,
12015002,12015001,Coin,Exp,65600,
12015003,12015001,Item,2000001,1,
12015101,12015101,Coin,Gold,164919,
12015102,12015101,Coin,Exp,65608,
12015103,12015101,Item,2000001,1,
12015201,12015201,Coin,Gold,165438,
12015202,12015201,Coin,Exp,65616,
12015203,12015201,Item,2000001,1,
12015301,12015301,Coin,Gold,165957,
12015302,12015301,Coin,Exp,65624,
12015303,12015301,Item,2000001,1,
12015401,12015401,Coin,Gold,166476,
12015402,12015401,Coin,Exp,65632,
12015403,12015401,Item,2000001,1,
12015501,12015501,Coin,Gold,166995,
12015502,12015501,Coin,Exp,65640,
12015503,12015501,Item,2000001,1,
12015601,12015601,Coin,Gold,167514,
12015602,12015601,Coin,Exp,65648,
12015603,12015601,Item,2000001,1,
12015701,12015701,Coin,Gold,168033,
12015702,12015701,Coin,Exp,65656,
12015703,12015701,Item,2000001,1,
12015801,12015801,Coin,Gold,168552,
12015802,12015801,Coin,Exp,65664,
12015803,12015801,Item,2000001,1,
12015901,12015901,Coin,Gold,169071,
12015902,12015901,Coin,Exp,65672,
12015903,12015901,Item,2000001,1,
12016001,12016001,Coin,Gold,169590,
12016002,12016001,Coin,Exp,65680,
12016003,12016001,Item,2000001,1,
12016101,12016101,Coin,Gold,170109,
12016102,12016101,Coin,Exp,65688,
12016103,12016101,Item,2000001,1,
12016201,12016201,Coin,Gold,170628,
12016202,12016201,Coin,Exp,65696,
12016203,12016201,Item,2000001,1,
12016301,12016301,Coin,Gold,171147,
12016302,12016301,Coin,Exp,65704,
12016303,12016301,Item,2000001,1,
12016401,12016401,Coin,Gold,171666,
12016402,12016401,Coin,Exp,65712,
12016403,12016401,Item,2000001,1,
12016501,12016501,Coin,Gold,172185,
12016502,12016501,Coin,Exp,65720,
12016503,12016501,Item,2000001,1,
12016601,12016601,Coin,Gold,172704,
12016602,12016601,Coin,Exp,65728,
12016603,12016601,Item,2000001,1,
12016701,12016701,Coin,Gold,173223,
12016702,12016701,Coin,Exp,65736,
12016703,12016701,Item,2000001,1,
12016801,12016801,Coin,Gold,173742,
12016802,12016801,Coin,Exp,65744,
12016803,12016801,Item,2000001,1,
12016901,12016901,Coin,Gold,174261,
12016902,12016901,Coin,Exp,65752,
12016903,12016901,Item,2000001,1,
12017001,12017001,Coin,Gold,174780,
12017002,12017001,Coin,Exp,65760,
12017003,12017001,Item,2000001,1,
12017101,12017101,Coin,Gold,175299,
12017102,12017101,Coin,Exp,65768,
12017103,12017101,Item,2000001,1,
12017201,12017201,Coin,Gold,175818,
12017202,12017201,Coin,Exp,65776,
12017203,12017201,Item,2000001,1,
12017301,12017301,Coin,Gold,176337,
12017302,12017301,Coin,Exp,65784,
12017303,12017301,Item,2000001,1,
12017401,12017401,Coin,Gold,176856,
12017402,12017401,Coin,Exp,65792,
12017403,12017401,Item,2000001,1,
12017501,12017501,Coin,Gold,177375,
12017502,12017501,Coin,Exp,65800,
12017503,12017501,Item,2000001,1,
12017601,12017601,Coin,Gold,177894,
12017602,12017601,Coin,Exp,65808,
12017603,12017601,Item,2000001,1,
12017701,12017701,Coin,Gold,178413,
12017702,12017701,Coin,Exp,65816,
12017703,12017701,Item,2000001,1,
12017801,12017801,Coin,Gold,178932,
12017802,12017801,Coin,Exp,65824,
12017803,12017801,Item,2000001,1,
12017901,12017901,Coin,Gold,179451,
12017902,12017901,Coin,Exp,65832,
12017903,12017901,Item,2000001,1,
12018001,12018001,Coin,Gold,179970,
12018002,12018001,Coin,Exp,65840,
12018003,12018001,Item,2000001,1,
12018101,12018101,Coin,Gold,180489,
12018102,12018101,Coin,Exp,65848,
12018103,12018101,Item,2000001,1,
12018201,12018201,Coin,Gold,181008,
12018202,12018201,Coin,Exp,65856,
12018203,12018201,Item,2000001,1,
12018301,12018301,Coin,Gold,181527,
12018302,12018301,Coin,Exp,65864,
12018303,12018301,Item,2000001,1,
12018401,12018401,Coin,Gold,182046,
12018402,12018401,Coin,Exp,65872,
12018403,12018401,Item,2000001,1,
12018501,12018501,Coin,Gold,182565,
12018502,12018501,Coin,Exp,65880,
12018503,12018501,Item,2000001,1,
12018601,12018601,Coin,Gold,183084,
12018602,12018601,Coin,Exp,65888,
12018603,12018601,Item,2000001,1,
12018701,12018701,Coin,Gold,183603,
12018702,12018701,Coin,Exp,65896,
12018703,12018701,Item,2000001,1,
12018801,12018801,Coin,Gold,184122,
12018802,12018801,Coin,Exp,65904,
12018803,12018801,Item,2000001,1,
12018901,12018901,Coin,Gold,184641,
12018902,12018901,Coin,Exp,65912,
12018903,12018901,Item,2000001,1,
12019001,12019001,Coin,Gold,185160,
12019002,12019001,Coin,Exp,65920,
12019003,12019001,Item,2000001,1,
12019101,12019101,Coin,Gold,185679,
12019102,12019101,Coin,Exp,65928,
12019103,12019101,Item,2000001,1,
12019201,12019201,Coin,Gold,186198,
12019202,12019201,Coin,Exp,65936,
12019203,12019201,Item,2000001,1,
12019301,12019301,Coin,Gold,186717,
12019302,12019301,Coin,Exp,65944,
12019303,12019301,Item,2000001,1,
12019401,12019401,Coin,Gold,187236,
12019402,12019401,Coin,Exp,65952,
12019403,12019401,Item,2000001,1,
12019501,12019501,Coin,Gold,187755,
12019502,12019501,Coin,Exp,65960,
12019503,12019501,Item,2000001,1,
12019601,12019601,Coin,Gold,188274,
12019602,12019601,Coin,Exp,65968,
12019603,12019601,Item,2000001,1,
12019701,12019701,Coin,Gold,188793,
12019702,12019701,Coin,Exp,65976,
12019703,12019701,Item,2000001,1,
12019801,12019801,Coin,Gold,189312,
12019802,12019801,Coin,Exp,65984,
12019803,12019801,Item,2000001,1,
12019901,12019901,Coin,Gold,189831,
12019902,12019901,Coin,Exp,65992,
12019903,12019901,Item,2000001,1,
12020001,12020001,Coin,Gold,190350,
12020002,12020001,Coin,Exp,66000,
12020003,12020001,Item,2000001,1,
12020101,12020101,Coin,Gold,190869,
12020102,12020101,Coin,Exp,66008,
12020103,12020101,Item,2000001,1,
12020201,12020201,Coin,Gold,191388,
12020202,12020201,Coin,Exp,66016,
12020203,12020201,Item,2000001,1,
12020301,12020301,Coin,Gold,191907,
12020302,12020301,Coin,Exp,66024,
12020303,12020301,Item,2000001,1,
12020401,12020401,Coin,Gold,192426,
12020402,12020401,Coin,Exp,66032,
12020403,12020401,Item,2000001,1,
12020501,12020501,Coin,Gold,192945,
12020502,12020501,Coin,Exp,66040,
12020503,12020501,Item,2000001,1,
12020601,12020601,Coin,Gold,193464,
12020602,12020601,Coin,Exp,66048,
12020603,12020601,Item,2000001,1,
12020701,12020701,Coin,Gold,193983,
12020702,12020701,Coin,Exp,66056,
12020703,12020701,Item,2000001,1,
12020801,12020801,Coin,Gold,194502,
12020802,12020801,Coin,Exp,66064,
12020803,12020801,Item,2000001,1,
12020901,12020901,Coin,Gold,195021,
12020902,12020901,Coin,Exp,66072,
12020903,12020901,Item,2000001,1,
12021001,12021001,Coin,Gold,195540,
12021002,12021001,Coin,Exp,66080,
12021003,12021001,Item,2000001,1,
12021101,12021101,Coin,Gold,196059,
12021102,12021101,Coin,Exp,66088,
12021103,12021101,Item,2000001,1,
12021201,12021201,Coin,Gold,196578,
12021202,12021201,Coin,Exp,66096,
12021203,12021201,Item,2000001,1,
12021301,12021301,Coin,Gold,197097,
12021302,12021301,Coin,Exp,66104,
12021303,12021301,Item,2000001,1,
12021401,12021401,Coin,Gold,197616,
12021402,12021401,Coin,Exp,66112,
12021403,12021401,Item,2000001,1,
12021501,12021501,Coin,Gold,198135,
12021502,12021501,Coin,Exp,66120,
12021503,12021501,Item,2000001,1,
12021601,12021601,Coin,Gold,198654,
12021602,12021601,Coin,Exp,66128,
12021603,12021601,Item,2000001,1,
12021701,12021701,Coin,Gold,199173,
12021702,12021701,Coin,Exp,66136,
12021703,12021701,Item,2000001,1,
12021801,12021801,Coin,Gold,199692,
12021802,12021801,Coin,Exp,66144,
12021803,12021801,Item,2000001,1,
12021901,12021901,Coin,Gold,200211,
12021902,12021901,Coin,Exp,66152,
12021903,12021901,Item,2000001,1,
12022001,12022001,Coin,Gold,200730,
12022002,12022001,Coin,Exp,66160,
12022003,12022001,Item,2000001,1,
12022101,12022101,Coin,Gold,201249,
12022102,12022101,Coin,Exp,66168,
12022103,12022101,Item,2000001,1,
12022201,12022201,Coin,Gold,201768,
12022202,12022201,Coin,Exp,66176,
12022203,12022201,Item,2000001,1,
12022301,12022301,Coin,Gold,202287,
12022302,12022301,Coin,Exp,66184,
12022303,12022301,Item,2000001,1,
12022401,12022401,Coin,Gold,202806,
12022402,12022401,Coin,Exp,66192,
12022403,12022401,Item,2000001,1,
12022501,12022501,Coin,Gold,203325,
12022502,12022501,Coin,Exp,66200,
12022503,12022501,Item,2000001,1,
12022601,12022601,Coin,Gold,203844,
12022602,12022601,Coin,Exp,66208,
12022603,12022601,Item,2000001,1,
12022701,12022701,Coin,Gold,204363,
12022702,12022701,Coin,Exp,66216,
12022703,12022701,Item,2000001,1,
12022801,12022801,Coin,Gold,204882,
12022802,12022801,Coin,Exp,66224,
12022803,12022801,Item,2000001,1,
12022901,12022901,Coin,Gold,205401,
12022902,12022901,Coin,Exp,66232,
12022903,12022901,Item,2000001,1,
12023001,12023001,Coin,Gold,205920,
12023002,12023001,Coin,Exp,66240,
12023003,12023001,Item,2000001,1,
12023101,12023101,Coin,Gold,206439,
12023102,12023101,Coin,Exp,66248,
12023103,12023101,Item,2000001,1,
12023201,12023201,Coin,Gold,206958,
12023202,12023201,Coin,Exp,66256,
12023203,12023201,Item,2000001,1,
12023301,12023301,Coin,Gold,207477,
12023302,12023301,Coin,Exp,66264,
12023303,12023301,Item,2000001,1,
12023401,12023401,Coin,Gold,207996,
12023402,12023401,Coin,Exp,66272,
12023403,12023401,Item,2000001,1,
12023501,12023501,Coin,Gold,208515,
12023502,12023501,Coin,Exp,66280,
12023503,12023501,Item,2000001,1,
12023601,12023601,Coin,Gold,209034,
12023602,12023601,Coin,Exp,66288,
12023603,12023601,Item,2000001,1,
12023701,12023701,Coin,Gold,209553,
12023702,12023701,Coin,Exp,66296,
12023703,12023701,Item,2000001,1,
12023801,12023801,Coin,Gold,210072,
12023802,12023801,Coin,Exp,66304,
12023803,12023801,Item,2000001,1,
12023901,12023901,Coin,Gold,210591,
12023902,12023901,Coin,Exp,66312,
12023903,12023901,Item,2000001,1,
12024001,12024001,Coin,Gold,211110,
12024002,12024001,Coin,Exp,66320,
12024003,12024001,Item,2000001,1,
12024101,12024101,Coin,Gold,211629,
12024102,12024101,Coin,Exp,66328,
12024103,12024101,Item,2000001,1,
12024201,12024201,Coin,Gold,212148,
12024202,12024201,Coin,Exp,66336,
12024203,12024201,Item,2000001,1,
12024301,12024301,Coin,Gold,212667,
12024302,12024301,Coin,Exp,66344,
12024303,12024301,Item,2000001,1,
12024401,12024401,Coin,Gold,213186,
12024402,12024401,Coin,Exp,66352,
12024403,12024401,Item,2000001,1,
12024501,12024501,Coin,Gold,213705,
12024502,12024501,Coin,Exp,66360,
12024503,12024501,Item,2000001,1,
12024601,12024601,Coin,Gold,214224,
12024602,12024601,Coin,Exp,66368,
12024603,12024601,Item,2000001,1,
12024701,12024701,Coin,Gold,214743,
12024702,12024701,Coin,Exp,66376,
12024703,12024701,Item,2000001,1,
12024801,12024801,Coin,Gold,215262,
12024802,12024801,Coin,Exp,66384,
12024803,12024801,Item,2000001,1,
12024901,12024901,Coin,Gold,215781,
12024902,12024901,Coin,Exp,66392,
12024903,12024901,12024901,2000001,1,
12025001,12025001,Coin,Gold,216300,
12025002,12025001,Coin,Exp,70000,
12025003,12025001,Item,2000001,1,
;미션 보상,,,,,
10001,10001,Item,10001,1,동료1
10002,10002,Coin,Gold,2000,골드 2000
10003,10003,Item,10101001,1,기본 무기
10004,10004,Coin,Gold,5000,골드 5000
10005,10005,Coin,Gold,5000,골드 5000
10006,10006,Coin,Gold,5000,골드 5000
10007,10007,Item,10201001,1,기본 방어구
10008,10008,Coin,BlueDia,300,다이아 300
10009,10009,Coin,Gold,8000,골드 8000
10010,10010,Coin,Gold,8000,골드 8000
10011,10011,Coin,Gold,8000,골드 8000
10012,10012,Coin,BlueDia,300,다이아 300
10013,10013,Coin,BlueDia,300,다이아 300
10014,10014,Coin,BlueDia,300,다이아 300
10015,10015,Coin,BlueDia,300,다이아 300
10016,10016,Coin,BlueDia,300,다이아 300
10017,10017,Coin,BlueDia,300,다이아 300
10018,10018,Item,10101001,5,기본 무기 5개
10019,10019,Coin,Gold,10000,골드 10000
10020,10020,Coin,Gold,10000,골드 10000
10021,10021,Coin,Gold,10000,골드 10000
10022,10022,Coin,BlueDia,300,다이아 300
10023,10023,Coin,EnchantStone,5000,강화석 5000개
10024,10024,Coin,BlueDia,300,다이아 300
10025,10025,Coin,BlueDia,300,다이아 300
10026,10026,Coin,BlueDia,300,다이아 300
10027,10027,Coin,BlueDia,300,다이아 300
10028,10028,Coin,Gold,15000,골드 15000
10029,10029,Coin,Gold,15000,골드 15000
10030,10030,Coin,Gold,15000,골드 15000
10031,10031,Coin,BlueDia,300,다이아 300
10032,10032,Coin,BlueDia,300,다이아 300
10033,10033,Coin,BlueDia,300,다이아 300
10034,10034,Coin,BlueDia,300,다이아 300
10035,10035,Coin,Gold,20000,골드 20000
10036,10036,Coin,Gold,20000,골드 20000
10037,10037,Coin,Gold,20000,골드 20000
10038,10038,Coin,BlueDia,300,다이아 300
10039,10039,Coin,BlueDia,300,다이아 300
10040,10040,Coin,BlueDia,300,다이아 300
10041,10041,Coin,BlueDia,300,다이아 300
10042,10042,Coin,Gold,20000,골드 25000
10043,10043,Coin,Gold,20000,골드 25000
10044,10044,Coin,Gold,20000,골드 25000
10045,10045,Coin,BlueDia,300,다이아 300
10046,10046,Coin,BlueDia,300,다이아 300
10047,10047,Coin,BlueDia,300,다이아 300
10048,10048,Coin,BlueDia,300,다이아 300
10049,10049,Coin,Gold,30000,골드 30000
10050,10050,Coin,Gold,30000,골드 30000
10051,10051,Coin,Gold,30000,골드 30000
10052,10052,Coin,BlueDia,300,다이아 300
10053,10053,Coin,BlueDia,300,다이아 300
10054,10054,Coin,BlueDia,300,다이아 300
10055,10055,Coin,BlueDia,300,다이아 300
10056,10056,Coin,Gold,35000,골드 35000
10057,10057,Coin,Gold,35000,골드 35000
10058,10058,Coin,Gold,35000,골드 35000
10059,10059,Coin,BlueDia,300,다이아 300
10060,10060,Coin,BlueDia,300,다이아 300
10061,10061,Coin,BlueDia,300,다이아 300
10062,10062,Coin,BlueDia,300,다이아 300
10063,10063,Coin,BlueDia,300,다이아 300
10064,10064,Coin,BlueDia,300,다이아 300
10065,10065,Coin,BlueDia,300,다이아 300
10066,10066,Coin,BlueDia,300,다이아 300
10067,10067,Coin,BlueDia,300,다이아 300
10068,10068,Coin,BlueDia,300,다이아 300
10069,10069,Coin,EnchantStone,5000,강화석 아이템 3000 / 추후 기사 강화 재료로 변경
10070,10070,Coin,BlueDia,300,다이아 300
10071,10071,Coin,BlueDia,300,다이아 300
10072,10072,Coin,BlueDia,300,다이아 300
10073,10073,Coin,BlueDia,300,다이아 300
10074,10074,Coin,BlueDia,300,다이아 300
10075,10075,Coin,BlueDia,300,다이아 300
10076,10076,Coin,BlueDia,300,다이아 300
10077,10077,Coin,BlueDia,300,다이아 300
10078,10078,Coin,BlueDia,300,다이아 300
10079,10079,Coin,BlueDia,300,다이아 300
10080,10080,Coin,BlueDia,300,다이아 300
10081,10081,Coin,BlueDia,300,다이아 300
10082,10082,Coin,BlueDia,300,다이아 300
10083,10083,Coin,BlueDia,300,다이아 300
10084,10084,Coin,BlueDia,300,다이아 300
10085,10085,Coin,BlueDia,300,다이아 300
10086,10086,Coin,BlueDia,300,다이아 300
10087,10087,Coin,BlueDia,300,다이아 300
10088,10088,Coin,BlueDia,300,다이아 300
10089,10089,Coin,BlueDia,300,다이아 300
;반복미션 보상,,,,,
20001,20001,Coin,BlueDia,50,다이아 50
20002,20002,Coin,BlueDia,50,다이아 50
20003,20003,Coin,BlueDia,50,다이아 50
20004,20004,Coin,BlueDia,50,다이아 50
20005,20005,Coin,BlueDia,50,다이아 50
20006,20006,Coin,BlueDia,50,다이아 50
;일일미션 보상,,,,,
30001,30001,Coin,BlueDia,500,다이아 500
30002,30002,Coin,BlueDia,500,다이아 500
30003,30003,Coin,BlueDia,500,다이아 500
30004,30004,Coin,BlueDia,500,다이아 500
30005,30005,Coin,BlueDia,500,다이아 500
30006,30006,Coin,BlueDia,500,다이아 500
;출석_일반,,,,,
40001,40001,Coin,BlueDia,2000,다이아 2000
40002,40002,Coin,BlueDia,2000,다이아 2000
40003,40003,Coin,BlueDia,2000,다이아 2000
40004,40004,Coin,BlueDia,2000,다이아 2000
40005,40005,Coin,BlueDia,2000,다이아 2000
;패스_레벨1,,,,,
50001,50001,Coin,BlueDia,500,
50002,50002,Coin,BlueDia,500,
50003,50003,Coin,BlueDia,500,
50004,50004,Coin,BlueDia,500,
50005,50005,Coin,BlueDia,500,
50006,50006,Coin,BlueDia,500,
50007,50007,Coin,BlueDia,500,
50008,50008,Coin,BlueDia,500,
50009,50009,Coin,BlueDia,500,
50010,50010,Coin,BlueDia,500,
;패스_스테이지1,,,,,
51001,51001,Coin,BlueDia,500,
51002,51002,Coin,BlueDia,500,
51003,51003,Coin,BlueDia,500,
51004,51004,Coin,BlueDia,500,
51005,51005,Coin,BlueDia,500,
51006,51006,Coin,BlueDia,500,
51007,51007,Coin,BlueDia,500,
51008,51008,Coin,BlueDia,500,
51009,51009,Coin,BlueDia,500,
51010,51010,Coin,BlueDia,500,
;패스_레벨2,,,,,
52001,52001,Coin,BlueDia,500,
52002,52002,Coin,BlueDia,500,
52003,52003,Coin,BlueDia,500,
52004,52004,Coin,BlueDia,500,
52005,52005,Coin,BlueDia,500,
52006,52006,Coin,BlueDia,500,
52007,52007,Coin,BlueDia,500,
52008,52008,Coin,BlueDia,500,
52009,52009,Coin,BlueDia,500,
52010,52010,Coin,BlueDia,500,
;패스_스테이지2,,,,,
53001,53001,Coin,BlueDia,500,
53002,53002,Coin,BlueDia,500,
53003,53003,Coin,BlueDia,500,
53004,53004,Coin,BlueDia,500,
53005,53005,Coin,BlueDia,500,
53006,53006,Coin,BlueDia,500,
53007,53007,Coin,BlueDia,500,
53008,53008,Coin,BlueDia,500,
53009,53009,Coin,BlueDia,500,
53010,53010,Coin,BlueDia,500,
;가챠,,,,,
100001,100001,Item,10101001,1,
100002,100002,Item,10101002,1,
100003,100003,Item,10101003,1,
100004,100004,Item,10101004,1,
100005,100005,Item,10101005,1,
100006,100006,Item,10101006,1,
100007,100007,Item,10101007,1,
100008,100008,Item,10101008,1,
100009,100009,Item,10102001,1,
100010,100010,Item,10102002,1,
100011,100011,Item,10102003,1,
100012,100012,Item,10102004,1,
100013,100013,Item,10102005,1,
100014,100014,Item,10102006,1,
100015,100015,Item,10102007,1,
100016,100016,Item,10102008,1,
100017,100017,Item,10103001,1,
100018,100018,Item,10103002,1,
100019,100019,Item,10103003,1,
100020,100020,Item,10103004,1,
100021,100021,Item,10103005,1,
100022,100022,Item,10103006,1,
100023,100023,Item,10103007,1,
100024,100024,Item,10103008,1,
100025,100025,Item,10104001,1,
100026,100026,Item,10104002,1,
100027,100027,Item,10104003,1,
100028,100028,Item,10104004,1,
100029,100029,Item,10105001,1,
100030,100030,Item,10105002,1,
100031,100031,Item,10105003,1,
100032,100032,Item,10105004,1,
;무기뽑기 레벨 보상,,,,,
200001,200001,Item,10102001,1,
200002,200002,Item,10103001,1,
200003,200003,Item,10104001,1,
200004,200004,Item,10105001,1,
200005,200005,Item,10105004,1,
210001,210001,Item,10202003,1,
210002,210002,Item,10205001,1,
210003,210003,Item,10205003,1,
210004,210004,Item,10305004,1,
210005,210005,Item,10306002,1,
;소모품 보상,,,,,
300001,300001,Coin,BlueDia,100000,
300002,300002,Coin,Gold,100000,
300003,300003,Item,10101001,1,
300004,300004,Item,10101002,1,
;기사도 소환,,,,,
3001001,3001001,Item,3001001,1,
3001002,3001002,Item,3001002,1,
3001003,3001003,Item,3001003,1,
3001004,3001004,Item,3001004,1,
3001005,3001005,Item,3001005,1,
3001006,3001006,Item,3001006,1,
3001007,3001007,Item,3001007,1,
3001008,3001008,Item,3001008,1,
3001009,3001009,Item,3001009,1,
3001010,3001010,Item,3001010,1,
3001011,3001011,Item,3001011,1,
;방어구 소환,,,,,
110001,110001,Item,10201001,1,
110002,110002,Item,10201002,1,
110003,110003,Item,10301001,1,
110004,110004,Item,10301002,1,
110005,110005,Item,10401001,1,
110006,110006,Item,10401002,1,
110007,110007,Item,10201003,1,
110008,110008,Item,10301003,1,
110009,110009,Item,10202001,1,
110010,110010,Item,10202002,1,
110011,110011,Item,10202003,1,
110012,110012,Item,10302001,1,
110013,110013,Item,10302002,1,
110014,110014,Item,10302003,1,
110015,110015,Item,10402001,1,
110016,110016,Item,10402002,1,
110017,110017,Item,10203001,1,
110018,110018,Item,10203002,1,
110019,110019,Item,10203003,1,
110020,110020,Item,10303001,1,
110021,110021,Item,10303002,1,
110022,110022,Item,10303003,1,
110023,110023,Item,10403001,1,
110024,110024,Item,10403002,1,
110025,110025,Item,10204001,1,
110026,110026,Item,10304001,1,
110027,110027,Item,10404001,1,
110028,110028,Item,10304002,1,
110029,110029,Item,10205001,1,
110030,110030,Item,10205002,1,
110031,110031,Item,10305001,1,
110032,110032,Item,10405002,1,
;골드던전 초회 보상,,,,,
510001,510001,Coin,Exp,300,
510002,510001,Coin,Gold,150000,
510003,510002,Coin,Exp,300,
510004,510002,Coin,Gold,250000,
510005,510003,Coin,Exp,300,
510006,510003,Coin,Gold,300000,
510007,510004,Coin,Exp,300,
510008,510004,Coin,Gold,350000,
510009,510005,Coin,Exp,300,
510010,510005,Coin,Gold,400000,
510011,510006,Coin,Exp,300,
510012,510006,Coin,Gold,450000,
510013,510007,Coin,Exp,300,
510014,510007,Coin,Gold,500000,
510015,510008,Coin,Exp,300,
510016,510008,Coin,Gold,550000,
510017,510009,Coin,Exp,300,
510018,510009,Coin,Gold,600000,
510019,510010,Coin,Exp,300,
510020,510010,Coin,Gold,650000,
510021,510011,Coin,Exp,300,
510022,510011,Coin,Gold,700000,
510023,510012,Coin,Exp,300,
510024,510012,Coin,Gold,750000,
510025,510013,Coin,Exp,300,
510026,510013,Coin,Gold,800000,
510027,510014,Coin,Exp,300,
510028,510014,Coin,Gold,850000,
510029,510015,Coin,Exp,300,
510030,510015,Coin,Gold,900000,
510031,510016,Coin,Exp,300,
510032,510016,Coin,Gold,950000,
510033,510017,Coin,Exp,300,
510034,510017,Coin,Gold,1000000,
510035,510018,Coin,Exp,300,
510036,510018,Coin,Gold,1050000,
510037,510019,Coin,Exp,300,
510038,510019,Coin,Gold,1100000,
510039,510020,Coin,Exp,300,
510040,510020,Coin,Gold,1150000,
510041,510021,Coin,Exp,300,
510042,510021,Coin,Gold,1200000,
510043,510022,Coin,Exp,300,
510044,510022,Coin,Gold,1250000,
510045,510023,Coin,Exp,300,
510046,510023,Coin,Gold,1300000,
510047,510024,Coin,Exp,300,
510048,510024,Coin,Gold,1350000,
510049,510025,Coin,Exp,300,
510050,510025,Coin,Gold,1400000,
510051,510026,Coin,Exp,300,
510052,510026,Coin,Gold,1450000,
510053,510027,Coin,Exp,300,
510054,510027,Coin,Gold,1500000,
510055,510028,Coin,Exp,300,
510056,510028,Coin,Gold,1550000,
510057,510029,Coin,Exp,300,
510058,510029,Coin,Gold,1600000,
510059,510030,Coin,Exp,300,
510060,510030,Coin,Gold,1650000,
;골드던전 소탕 보상,,,,,
520001,520001,Coin,Gold,105000,
520002,520002,Coin,Gold,175000,
520003,520003,Coin,Gold,210000,
520004,520004,Coin,Gold,245000,
520005,520005,Coin,Gold,280000,
520006,520006,Coin,Gold,315000,
520007,520007,Coin,Gold,350000,
520008,520008,Coin,Gold,385000,
520009,520009,Coin,Gold,420000,
520010,520010,Coin,Gold,455000,
520011,520011,Coin,Gold,490000,
520012,520012,Coin,Gold,525000,
520013,520013,Coin,Gold,560000,
520014,520014,Coin,Gold,595000,
520015,520015,Coin,Gold,630000,
520016,520016,Coin,Gold,665000,
520017,520017,Coin,Gold,700000,
520018,520018,Coin,Gold,735000,
520019,520019,Coin,Gold,770000,
520020,520020,Coin,Gold,805000,
520021,520021,Coin,Gold,840000,
520022,520022,Coin,Gold,875000,
520023,520023,Coin,Gold,910000,
520024,520024,Coin,Gold,945000,
520025,520025,Coin,Gold,980000,
520026,520026,Coin,Gold,1015000,
520027,520027,Coin,Gold,1050000,
520028,520028,Coin,Gold,1085000,
520029,520029,Coin,Gold,1120000,
520030,520030,Coin,Gold,1155000,
;강화석던전 보상,,,,,
610001,610001,Coin,RandomOption,500,
610002,610001,Coin,EnchantStone,1000,
610003,610002,Coin,RandomOption,1000,
610004,610002,Coin,EnchantStone,1500,
610005,610003,Coin,RandomOption,1500,
610006,610003,Coin,EnchantStone,2000,
610007,610004,Coin,RandomOption,2000,
610008,610004,Coin,EnchantStone,2500,
610009,610005,Coin,RandomOption,2500,
610010,610005,Coin,EnchantStone,3000,
610011,610006,Coin,RandomOption,3000,
610012,610006,Coin,EnchantStone,3500,
610013,610007,Coin,RandomOption,3500,
610014,610007,Coin,EnchantStone,4000,
610015,610008,Coin,RandomOption,4000,
610016,610008,Coin,EnchantStone,4500,
610017,610009,Coin,RandomOption,4500,
610018,610009,Coin,EnchantStone,5000,
610019,610010,Coin,RandomOption,5000,
610020,610010,Coin,EnchantStone,5500,
610021,610011,Coin,RandomOption,5500,
610022,610011,Coin,EnchantStone,6000,
610023,610012,Coin,RandomOption,6000,
610024,610012,Coin,EnchantStone,6500,
610025,610013,Coin,RandomOption,6500,
610026,610013,Coin,EnchantStone,7000,
610027,610014,Coin,RandomOption,7000,
610028,610014,Coin,EnchantStone,7500,
610029,610015,Coin,RandomOption,7500,
610030,610015,Coin,EnchantStone,8000,
610031,610016,Coin,RandomOption,8000,
610032,610016,Coin,EnchantStone,8500,
610033,610017,Coin,RandomOption,8500,
610034,610017,Coin,EnchantStone,9000,
610035,610018,Coin,RandomOption,9000,
610036,610018,Coin,EnchantStone,9500,
610037,610019,Coin,RandomOption,9500,
610038,610019,Coin,EnchantStone,10000,
610039,610020,Coin,RandomOption,10000,
610040,610020,Coin,EnchantStone,10500,
610041,610021,Coin,RandomOption,10500,
610042,610021,Coin,EnchantStone,11000,
610043,610022,Coin,RandomOption,11000,
610044,610022,Coin,EnchantStone,11500,
610045,610023,Coin,RandomOption,11500,
610046,610023,Coin,EnchantStone,12000,
610047,610024,Coin,RandomOption,12000,
610048,610024,Coin,EnchantStone,12500,
610049,610025,Coin,RandomOption,12500,
610050,610025,Coin,EnchantStone,13000,
610051,610026,Coin,RandomOption,13000,
610052,610026,Coin,EnchantStone,13500,
610053,610027,Coin,RandomOption,13500,
610054,610027,Coin,EnchantStone,14000,
610055,610028,Coin,RandomOption,14000,
610056,610028,Coin,EnchantStone,14500,
610057,610029,Coin,RandomOption,14500,
610058,610029,Coin,EnchantStone,15000,
610059,610030,Coin,RandomOption,15000,
610060,610030,Coin,EnchantStone,15500,
;강화석 소탕 보상,,,,,
620001,620001,Coin,RandomOption,500,
620002,620001,Coin,EnchantStone,1000,
620003,620002,Coin,RandomOption,1000,
620004,620002,Coin,EnchantStone,1500,
620005,620003,Coin,RandomOption,1500,
620006,620003,Coin,EnchantStone,2000,
620007,620004,Coin,RandomOption,2000,
620008,620004,Coin,EnchantStone,2500,
620009,620005,Coin,RandomOption,2500,
620010,620005,Coin,EnchantStone,3000,
620011,620006,Coin,RandomOption,3000,
620012,620006,Coin,EnchantStone,3500,
620013,620007,Coin,RandomOption,3500,
620014,620007,Coin,EnchantStone,4000,
620015,620008,Coin,RandomOption,4000,
620016,620008,Coin,EnchantStone,4500,
620017,620009,Coin,RandomOption,4500,
620018,620009,Coin,EnchantStone,5000,
620019,620010,Coin,RandomOption,5000,
620020,620010,Coin,EnchantStone,5500,
620021,620011,Coin,RandomOption,5500,
620022,620011,Coin,EnchantStone,6000,
620023,620012,Coin,RandomOption,6000,
620024,620012,Coin,EnchantStone,6500,
620025,620013,Coin,RandomOption,6500,
620026,620013,Coin,EnchantStone,7000,
620027,620014,Coin,RandomOption,7000,
620028,620014,Coin,EnchantStone,7500,
620029,620015,Coin,RandomOption,7500,
620030,620015,Coin,EnchantStone,8000,
620031,620016,Coin,RandomOption,8000,
620032,620016,Coin,EnchantStone,8500,
620033,620017,Coin,RandomOption,8500,
620034,620017,Coin,EnchantStone,9000,
620035,620018,Coin,RandomOption,9000,
620036,620018,Coin,EnchantStone,9500,
620037,620019,Coin,RandomOption,9500,
620038,620019,Coin,EnchantStone,10000,
620039,620020,Coin,RandomOption,10000,
620040,620020,Coin,EnchantStone,10500,
620041,620021,Coin,RandomOption,10500,
620042,620021,Coin,EnchantStone,11000,
620043,620022,Coin,RandomOption,11000,
620044,620022,Coin,EnchantStone,11500,
620045,620023,Coin,RandomOption,11500,
620046,620023,Coin,EnchantStone,12000,
620047,620024,Coin,RandomOption,12000,
620048,620024,Coin,EnchantStone,12500,
620049,620025,Coin,RandomOption,12500,
620050,620025,Coin,EnchantStone,13000,
620051,620026,Coin,RandomOption,13000,
620052,620026,Coin,EnchantStone,13500,
620053,620027,Coin,RandomOption,13500,
620054,620027,Coin,EnchantStone,14000,
620055,620028,Coin,RandomOption,14000,
620056,620028,Coin,EnchantStone,14500,
620057,620029,Coin,RandomOption,14500,
620058,620029,Coin,EnchantStone,15000,
620059,620030,Coin,RandomOption,15000,
620060,620030,Coin,EnchantStone,15500,
;기사던전 보상,,,,,
700001,700001,Coin,BlueDia,100,
700002,700001,Coin,Exp,100,
700003,700001,Item,5000001,100,
700004,700002,Coin,BlueDia,100,
700005,700002,Coin,Exp,100,
700006,700002,Item,5000001,100,
700007,700002,Item,10001,1,
700008,700003,Coin,BlueDia,100,
700009,700003,Coin,Exp,100,
700010,700003,Item,5000001,100,
700011,700004,Coin,BlueDia,100,
700012,700004,Coin,Exp,100,
700013,700004,Item,5000001,100,
700014,700004,Item,10002,1,
700015,700005,Coin,BlueDia,100,
700016,700005,Coin,Exp,100,
700017,700005,Item,5000001,100,
700018,700006,Coin,BlueDia,100,
700019,700006,Coin,Exp,100,
700020,700006,Item,5000001,100,
700021,700006,Item,10003,1,
700022,700007,Coin,BlueDia,100,
700023,700007,Coin,Exp,100,
700024,700007,Item,5000001,100,
700025,700008,Coin,BlueDia,100,
700026,700008,Coin,Exp,100,
700027,700008,Item,5000001,100,
700028,700008,Item,10004,1,
700029,700009,Coin,BlueDia,100,
700030,700009,Coin,Exp,100,
700031,700009,Item,5000001,100,
700032,700010,Coin,BlueDia,100,
700033,700010,Coin,Exp,100,
700034,700010,Item,5000002,100,
700035,700010,Item,10005,1,
700036,700011,Coin,BlueDia,100,
700037,700011,Coin,Exp,100,
700038,700011,Item,5000002,100,
700039,700012,Coin,BlueDia,100,
700040,700012,Coin,Exp,100,
700041,700012,Item,5000002,100,
700042,700012,Item,10006,1,
700043,700013,Coin,BlueDia,100,
700044,700013,Coin,Exp,100,
700045,700013,Item,5000002,100,
700046,700014,Coin,BlueDia,100,
700047,700014,Coin,Exp,100,
700048,700014,Item,5000002,100,
700049,700014,Item,10007,1,
700050,700015,Coin,BlueDia,100,
700051,700015,Coin,Exp,100,
700052,700015,Item,5000002,100,
700053,700016,Coin,BlueDia,100,
700054,700016,Coin,Exp,100,
700055,700016,Item,5000002,100,
700056,700016,Item,10008,1,
700057,700017,Coin,BlueDia,100,
700058,700017,Coin,Exp,100,
700059,700017,Item,5000002,100,
700060,700018,Coin,BlueDia,100,
700061,700018,Coin,Exp,100,
700062,700018,Item,5000003,100,
700063,700018,Item,10009,1,
700064,700019,Coin,BlueDia,100,
700065,700019,Coin,Exp,100,
700066,700019,Item,5000003,100,
700067,700020,Coin,BlueDia,100,
700068,700020,Coin,Exp,100,
700069,700020,Item,5000003,100,
700070,700020,Item,10010,1,
700071,700021,Coin,BlueDia,100,
700072,700021,Coin,Exp,100,
700073,700021,Item,5000003,100,
700074,700022,Coin,BlueDia,100,
700075,700022,Coin,Exp,100,
700076,700022,Item,5000003,100,
700077,700022,Item,10011,1,
700078,700023,Coin,BlueDia,100,
700079,700023,Coin,Exp,100,
700080,700023,Item,5000003,100,
700081,700024,Coin,BlueDia,100,
700082,700024,Coin,Exp,100,
700083,700024,Item,5000003,100,
700084,700024,Item,10012,1,
700085,700025,Coin,BlueDia,100,
700086,700025,Coin,Exp,100,
700087,700025,Item,5000003,100,
700088,700026,Coin,BlueDia,100,
700089,700026,Coin,Exp,100,
700090,700026,Item,5000004,100,
700091,700026,Item,10013,1,
700092,700027,Coin,BlueDia,100,
700093,700027,Coin,Exp,100,
700094,700027,Item,5000004,100,
700095,700028,Coin,BlueDia,100,
700096,700028,Coin,Exp,100,
700097,700028,Item,5000004,100,
700098,700028,Item,10014,1,
700099,700029,Coin,BlueDia,100,
700100,700029,Coin,Exp,100,
700101,700029,Item,5000004,100,
700102,700030,Coin,BlueDia,100,
700103,700030,Coin,Exp,100,
700104,700030,Item,5000004,100,
700105,700030,Item,10015,1,
;기사던전 소탕 보상,,,,,
710001,710001,Item,5000001,80,
710002,710002,Item,5000001,100,
710003,710003,Item,5000001,120,
710004,710004,Item,5000001,140,
710005,710005,Item,5000001,160,
710006,710006,Item,5000001,180,
710007,710007,Item,5000001,200,
710008,710008,Item,5000001,220,
710009,710009,Item,5000001,240,
710010,710010,Item,5000002,80,
710011,710011,Item,5000002,100,
710012,710012,Item,5000002,120,
710013,710013,Item,5000002,140,
710014,710014,Item,5000002,160,
710015,710015,Item,5000002,180,
710016,710016,Item,5000002,200,
710017,710017,Item,5000002,220,
710018,710018,Item,5000003,80,
710019,710019,Item,5000003,100,
710020,710020,Item,5000003,120,
710021,710021,Item,5000003,140,
710022,710022,Item,5000003,160,
710023,710023,Item,5000003,180,
710024,710024,Item,5000003,200,
710025,710025,Item,5000003,220,
710026,710026,Item,5000004,80,
710027,710027,Item,5000004,100,
710028,710028,Item,5000004,120,
710029,710029,Item,5000004,140,
710030,710030,Item,5000004,160,
;랭크 보상(스테이지 도달),,,,,
1110001,1110001,Coin,BlueDia,5000,
;승급 보상,,,,,
600001,100600001,Item,20001001,1,
600002,100600001,Item,20002005,1,
600003,100600002,Item,20001002,1,
600004,100600002,Item,20002006,1,
600005,100600003,Item,20001003,1,
600006,100600003,Item,20002007,1,
600007,100600004,Item,20001004,1,
600008,100600004,Item,20002008,1,
;상점 보상 임시,,,,,
94010,94010,Coin,BlueDia,3000,
;이벤트 상점,,,,,
1010001,1010001,Coin,BlueDia,100,
1010002,1010002,Coin,BlueDia,300,
1010003,1010003,Coin,BlueDia,500,
1010004,1010004,Coin,EnchantStone,5000,
1010005,1010005,Coin,RandomOption,500,
1010006,1010006,Coin,SummonTicket_Weapon,5,
1010007,1010007,Coin,SummonTicket_Defence,5,
1010008,1010008,Coin,SummonTicket_Chivalry,5,
1010009,1010009,Coin,Gold,100000,
1010010,1010010,Coin,BlueDia,10000,
;이벤트 미션 보상,,,,,
2010001,2010001,Coin,EventCoin,1000,
2010002,2010002,Coin,Gold,10000,
2010003,2010003,Coin,BlueDia,10000,
2010004,2010004,Coin,EnchantStone,5000,
;이벤트 룰렛보상,,,,,
3010001,3010001,Coin,BlueDia,100,
3010002,3010002,Coin,BlueDia,300,
3010003,3010003,Coin,BlueDia,500,
3010004,3010004,Coin,EnchantStone,5000,
3010005,3010005,Coin,RandomOption,500,
3010006,3010006,Coin,SummonTicket_Weapon,5,
3010007,3010007,Coin,SummonTicket_Defence,5,
3010008,3010008,Coin,SummonTicket_Chivalry,5,
3010009,3010009,Coin,Gold,100000,
3010010,3010010,Coin,BlueDia,10000,
;레벨패스1 유료 보상,,,,,
50101,50101,Coin,BlueDia,1000,
50102,50102,Coin,BlueDia,1000,
50103,50103,Coin,BlueDia,1000,
50104,50104,Coin,BlueDia,1000,
50105,50105,Coin,BlueDia,1000,
50106,50106,Coin,BlueDia,1000,
50107,50107,Coin,BlueDia,1000,
50108,50108,Coin,BlueDia,1000,
50109,50109,Coin,BlueDia,1000,
50110,50110,Coin,BlueDia,1000,
;스테이지패스1 유료보상,,,,,
51101,51101,Coin,BlueDia,1000,
51102,51102,Coin,BlueDia,1000,
51103,51103,Coin,BlueDia,1000,
51104,51104,Coin,BlueDia,1000,
51105,51105,Coin,BlueDia,1000,
51106,51106,Coin,BlueDia,1000,
51107,51107,Coin,BlueDia,1000,
51108,51108,Coin,BlueDia,1000,
51109,51109,Coin,BlueDia,1000,
51110,51110,Coin,BlueDia,1000,
;레벨패스2 유료 보상,,,,,
52101,52101,Coin,BlueDia,1000,
52102,52102,Coin,BlueDia,1000,
52103,52103,Coin,BlueDia,1000,
52104,52104,Coin,BlueDia,1000,
52105,52105,Coin,BlueDia,1000,
52106,52106,Coin,BlueDia,1000,
52107,52107,Coin,BlueDia,1000,
52108,52108,Coin,BlueDia,1000,
52109,52109,Coin,BlueDia,1000,
52110,52110,Coin,BlueDia,1000,
;스테이지 패스2 유료 보상,,,,,
53101,53101,Coin,BlueDia,1000,
53102,53102,Coin,BlueDia,1000,
53103,53103,Coin,BlueDia,1000,
53104,53104,Coin,BlueDia,1000,
53105,53105,Coin,BlueDia,1000,
53106,53106,Coin,BlueDia,1000,
53107,53107,Coin,BlueDia,1000,
53108,53108,Coin,BlueDia,1000,
53109,53109,Coin,BlueDia,1000,
53110,53110,Coin,BlueDia,1000,
;코스튬 상점,,,,,
800001,800001,Item,20001001,1,
800002,800002,Item,20001002,1,
800003,800003,Item,20001003,1,
800004,800004,Item,20001004,1,
800005,800005,Item,20001005,1,
800006,800006,Item,20001006,1,
800007,800007,Item,20001007,1,
800008,800008,Item,20001008,1,
;스테이지 달성 보상,,,,,
100050,100050,Coin,BlueDia,50,
100100,100100,Coin,BlueDia,100,
100150,100150,Coin,BlueDia,1000,
100200,100200,Coin,BlueDia,1400,
100250,100250,Coin,BlueDia,1800,
100300,100300,Coin,BlueDia,2200,
100350,100350,Coin,BlueDia,3000,
100400,100400,Coin,BlueDia,3500,
100450,100450,Coin,BlueDia,4000,
100500,100500,Coin,BlueDia,4500,
,,,,,
,,,,,
,,,,,
,,,,,
