,,,,,,,,,,,,,,,,,,,,,,,,,,,,,,,,,
ID,MapID,Type,Local_Name,Local_Desc,Chapter,Stage,ConditionID,PrevStage,NextStage,GotoFailStage,ClearTime_Min,ClearTime,CoinType,CoinCount,WaveGroup,_WaveGroup,EventSceneData,RelicID,RelicSpawnID,RelicAbiliID,RewardID,Sweep_RewardID,RemainAccuracy,RemainPenetration,Attack,HP,Defence,Fruition_RewardID,IsRepeatStage,,,,
;프롤로그 던전,,,,,,,,,,,,,,,,,,,,,,,,,,,,,,,,,
1001,EventMap_01,Event_Stage,,,1,1,,,,,,,,,,,"1001_1,1001_2,1001_3",,,,10010050,,0,0,0,,0,,,,,,
;메인 던전,,,,,,,,,,,,,,,,,,,,,,,,,,,,,,,,,
100101,MainMap_01,Main_Stage,,,1,1,,,100102,100101,,30,,0,100101_1,100101_1,,,,,12000101,,0,0,0,0,0,,,,,,
100102,MainMap_01,Main_Stage,,,1,2,,100101,100103,100102,,30,,0,"100102_1,100102_2","100102_1,100102_2",,,,,12000201,,0,0,0,0,0,,,,,,
100103,MainMap_01,Main_Stage,,,1,3,,100102,100104,100102,,30,,0,"100103_1,100103_2,100103_3","100103_1,100103_2,100103_3",,,,,12000301,,0,0,0,0,0,,,,,,
100104,MainMap_01,Main_Stage,,,1,4,,100103,100105,100103,,30,,0,"100104_1,100104_2,100104_3","100104_1,100104_2,100104_3",,,,,12000401,,0,0,0,0,0,,,,,,
100105,MainMap_01,Main_Stage,,,1,5,,100104,100106,100104,,30,,0,"100105_1,100105_2,100105_3,100105_4","100105_1,100105_2,100105_3,100105_4",,,,,12000501,,0,0,0,0,0,,,,,,
100106,MainMap_01,Main_Stage,,,1,6,,100105,100107,100105,,30,,0,"100106_1,100106_2,100106_3,100106_4","100106_1,100106_2,100106_3,100106_4",,,,,12000601,,0,0,0,0,0,,,,,,
100107,MainMap_01,Main_Stage,,,1,7,,100106,100108,100105,,30,,0,"100107_1,100107_2,100107_3,100107_4,100107_5","100107_1,100107_2,100107_3,100107_4,100107_5",,,,,12000701,,0,0,0,0,0,,,,,,
100108,MainMap_01,Main_Stage,,,1,8,,100107,100109,100105,,30,,0,"100108_1,100108_2,100108_3,100108_4,100108_5","100108_1,100108_2,100108_3,100108_4,100108_5",,,,,12000801,,0,0,0,0,0,,,,,,
100109,MainMap_01,Main_Stage,,,1,9,,100108,100110,100105,,30,,0,"100109_1,100109_2,100109_3,100109_4,100109_5","100109_1,100109_2,100109_3,100109_4,100109_5",,,,,12000901,,0,0,0,0,0,,,,,,
100110,MainMap_01,Main_Stage,,,1,10,,100109,100111,100105,,30,,0,"100110_1,100110_2,100110_3,100110_4,100110_5","100110_1,100110_2,100110_3,100110_4,100110_5",,,,,12001001,,0,0,0,0,0,,TRUE,,,,
100111,MainMap_01,Main_Stage,,,1,11,,100110,100112,100110,,30,,0,"100111_1,100111_2,100111_3,100111_4,100111_5","100111_1,100111_2,100111_3,100111_4,100111_5",,,,,12001101,,0,0,0,50,3,,,,,,
100112,MainMap_01,Main_Stage,,,1,12,,100111,100113,100110,,30,,0,"100112_1,100112_2,100112_3,100112_4,100112_5","100112_1,100112_2,100112_3,100112_4,100112_5",,,,,12001201,,0,0,0,75,6,,,,,,
100113,MainMap_01,Main_Stage,,,1,13,,100112,100114,100110,,30,,0,"100113_1,100113_2,100113_3,100113_4,100113_5","100113_1,100113_2,100113_3,100113_4,100113_5",,,,,12001301,,0,0,0,100,9,,,,,,
100114,MainMap_01,Main_Stage,,,1,14,,100113,100115,100110,,30,,0,"100114_1,100114_2,100114_3,100114_4,100114_5","100114_1,100114_2,100114_3,100114_4,100114_5",,,,,12001401,,0,0,0,125,12,,,,,,
100115,MainMap_01,Main_Stage,,,1,15,,100114,100116,100110,,30,,0,"100115_1,100115_2,100115_3,100115_4,100115_5","100115_1,100115_2,100115_3,100115_4,100115_5",,,,,12001501,,0,0,0,150,15,,,,,,
100116,MainMap_01,Main_Stage,,,1,16,,100115,100117,100115,,30,,0,"100116_1,100116_2,100116_3,100116_4,100116_5","100116_1,100116_2,100116_3,100116_4,100116_5",,,,,12001601,,0,0,0,175,18,,,,,,
100117,MainMap_01,Main_Stage,,,1,17,,100116,100118,100115,,30,,0,"100117_1,100117_2,100117_3,100117_4,100117_5","100117_1,100117_2,100117_3,100117_4,100117_5",,,,,12001701,,0,0,0,200,21,,,,,,
100118,MainMap_01,Main_Stage,,,1,18,,100117,100119,100115,,30,,0,"100118_1,100118_2,100118_3,100118_4,100118_5","100118_1,100118_2,100118_3,100118_4,100118_5",,,,,12001801,,0,0,0,225,24,,,,,,
100119,MainMap_01,Main_Stage,,,1,19,,100118,100120,100115,,30,,0,"100119_1,100119_2,100119_3,100119_4,100119_5","100119_1,100119_2,100119_3,100119_4,100119_5",,,,,12001901,,0,0,0,250,27,,,,,,
100120,MainMap_01,Main_Stage,,,1,20,,100119,100121,100115,,30,,0,"100120_1,100120_2,100120_3,100120_4,100120_5","100120_1,100120_2,100120_3,100120_4,100120_5",,,,,12002001,,0,0,0,275,30,,TRUE,,,,
100121,MainMap_01,Main_Stage,,,1,21,,100120,100122,100120,,30,,0,"100121_1,100121_2,100121_3,100121_4,100121_5","100121_1,100121_2,100121_3,100121_4,100121_5",,,,,12002101,,0,0,0,300,33,,,,,,
100122,MainMap_01,Main_Stage,,,1,22,,100121,100123,100120,,30,,0,"100122_1,100122_2,100122_3,100122_4,100122_5","100122_1,100122_2,100122_3,100122_4,100122_5",,,,,12002201,,0,0,0,325,36,,,,,,
100123,MainMap_01,Main_Stage,,,1,23,,100122,100124,100120,,30,,0,"100123_1,100123_2,100123_3,100123_4,100123_5","100123_1,100123_2,100123_3,100123_4,100123_5",,,,,12002301,,0,0,0,350,39,,,,,,
100124,MainMap_01,Main_Stage,,,1,24,,100123,100125,100120,,30,,0,"100124_1,100124_2,100124_3,100124_4,100124_5","100124_1,100124_2,100124_3,100124_4,100124_5",,,,,12002401,,0,0,0,375,42,,,,,,
100125,MainMap_01,Main_Stage,,,1,25,,100124,100126,100120,,30,,0,"100125_1,100125_2,100125_3,100125_4,100125_5","100125_1,100125_2,100125_3,100125_4,100125_5",,,,,12002501,,0,0,0,400,45,,,,,,
100126,MainMap_01,Main_Stage,,,1,26,,100125,100127,100125,,30,,0,"100126_1,100126_2,100126_3,100126_4,100126_5","100126_1,100126_2,100126_3,100126_4,100126_5",,,,,12002601,,0,0,0,425,48,,,,,,
100127,MainMap_01,Main_Stage,,,1,27,,100126,100128,100125,,30,,0,"100127_1,100127_2,100127_3,100127_4,100127_5","100127_1,100127_2,100127_3,100127_4,100127_5",,,,,12002701,,0,0,0,450,51,,,,,,
100128,MainMap_01,Main_Stage,,,1,28,,100127,100129,100125,,30,,0,"100128_1,100128_2,100128_3,100128_4,100128_5","100128_1,100128_2,100128_3,100128_4,100128_5",,,,,12002801,,0,0,0,475,54,,,,,,
100129,MainMap_01,Main_Stage,,,1,29,,100128,100130,100125,,30,,0,"100129_1,100129_2,100129_3,100129_4,100129_5","100129_1,100129_2,100129_3,100129_4,100129_5",,,,,12002901,,0,0,0,500,57,,,,,,
100130,MainMap_01,Main_Stage,,,1,30,,100129,100131,100125,,30,,0,"100130_1,100130_2,100130_3,100130_4,100130_5","100130_1,100130_2,100130_3,100130_4,100130_5",,,,,12003001,,0,0,0,525,60,,TRUE,,,,
100131,MainMap_01,Main_Stage,,,1,31,,100130,100132,100130,,30,,0,"100131_1,100131_2,100131_3,100131_4,100131_5","100131_1,100131_2,100131_3,100131_4,100131_5",,,,,12003101,,0,0,0,550,63,,,,,,
100132,MainMap_01,Main_Stage,,,1,32,,100131,100133,100130,,30,,0,"100132_1,100132_2,100132_3,100132_4,100132_5","100132_1,100132_2,100132_3,100132_4,100132_5",,,,,12003201,,0,0,0,575,66,,,,,,
100133,MainMap_01,Main_Stage,,,1,33,,100132,100134,100130,,30,,0,"100133_1,100133_2,100133_3,100133_4,100133_5","100133_1,100133_2,100133_3,100133_4,100133_5",,,,,12003301,,0,0,0,600,69,,,,,,
100134,MainMap_01,Main_Stage,,,1,34,,100133,100135,100130,,30,,0,"100134_1,100134_2,100134_3,100134_4,100134_5","100134_1,100134_2,100134_3,100134_4,100134_5",,,,,12003401,,0,0,0,625,72,,,,,,
100135,MainMap_01,Main_Stage,,,1,35,,100134,100136,100130,,30,,0,"100135_1,100135_2,100135_3,100135_4,100135_5","100135_1,100135_2,100135_3,100135_4,100135_5",,,,,12003501,,0,0,0,650,75,,,,,,
100136,MainMap_01,Main_Stage,,,1,36,,100135,100137,100135,,30,,0,"100136_1,100136_2,100136_3,100136_4,100136_5","100136_1,100136_2,100136_3,100136_4,100136_5",,,,,12003601,,0,0,0,675,78,,,,,,
100137,MainMap_01,Main_Stage,,,1,37,,100136,100138,100135,,30,,0,"100137_1,100137_2,100137_3,100137_4,100137_5","100137_1,100137_2,100137_3,100137_4,100137_5",,,,,12003701,,0,0,0,700,81,,,,,,
100138,MainMap_01,Main_Stage,,,1,38,,100137,100139,100135,,30,,0,"100138_1,100138_2,100138_3,100138_4,100138_5","100138_1,100138_2,100138_3,100138_4,100138_5",,,,,12003801,,0,0,0,725,84,,,,,,
100139,MainMap_01,Main_Stage,,,1,39,,100138,100140,100135,,30,,0,"100139_1,100139_2,100139_3,100139_4,100139_5","100139_1,100139_2,100139_3,100139_4,100139_5",,,,,12003901,,0,0,0,750,87,,,,,,
100140,MainMap_01,Main_Stage,,,1,40,,100139,100141,100135,,30,,0,"100140_1,100140_2,100140_3,100140_4,100140_5","100140_1,100140_2,100140_3,100140_4,100140_5",,,,,12004001,,0,0,0,775,90,,TRUE,,,,
100141,MainMap_01,Main_Stage,,,1,41,,100140,100142,100140,,30,,0,"100141_1,100141_2,100141_3,100141_4,100141_5","100141_1,100141_2,100141_3,100141_4,100141_5",,,,,12004101,,0,0,0,800,93,,,,,,
100142,MainMap_01,Main_Stage,,,1,42,,100141,100143,100140,,30,,0,"100142_1,100142_2,100142_3,100142_4,100142_5","100142_1,100142_2,100142_3,100142_4,100142_5",,,,,12004201,,0,0,0,825,96,,,,,,
100143,MainMap_01,Main_Stage,,,1,43,,100142,100144,100140,,30,,0,"100143_1,100143_2,100143_3,100143_4,100143_5","100143_1,100143_2,100143_3,100143_4,100143_5",,,,,12004301,,0,0,0,850,99,,,,,,
100144,MainMap_01,Main_Stage,,,1,44,,100143,100145,100140,,30,,0,"100144_1,100144_2,100144_3,100144_4,100144_5","100144_1,100144_2,100144_3,100144_4,100144_5",,,,,12004401,,0,0,0,875,102,,,,,,
100145,MainMap_01,Main_Stage,,,1,45,,100144,100146,100140,,30,,0,"100145_1,100145_2,100145_3,100145_4,100145_5","100145_1,100145_2,100145_3,100145_4,100145_5",,,,,12004501,,0,0,0,900,105,,,,,,
100146,MainMap_01,Main_Stage,,,1,46,,100145,100147,100145,,30,,0,"100146_1,100146_2,100146_3,100146_4,100146_5","100146_1,100146_2,100146_3,100146_4,100146_5",,,,,12004601,,0,0,0,925,108,,,,,,
100147,MainMap_01,Main_Stage,,,1,47,,100146,100148,100145,,30,,0,"100147_1,100147_2,100147_3,100147_4,100147_5","100147_1,100147_2,100147_3,100147_4,100147_5",,,,,12004701,,0,0,0,950,111,,,,,,
100148,MainMap_01,Main_Stage,,,1,48,,100147,100149,100145,,30,,0,"100148_1,100148_2,100148_3,100148_4,100148_5","100148_1,100148_2,100148_3,100148_4,100148_5",,,,,12004801,,0,0,0,975,114,,,,,,
100149,MainMap_01,Main_Stage,,,1,49,,100148,100150,100145,,30,,0,"100149_1,100149_2,100149_3,100149_4,100149_5","100149_1,100149_2,100149_3,100149_4,100149_5",,,,,12004901,,0,0,0,1000,117,,,,,,
100150,MainMap_01,Main_Stage,,,1,50,,100149,100201,100145,,30,,0,"100150_1,100150_2,100150_3,100150_4,100150_5","100150_1,100150_2,100150_3,100150_4,100150_5",,,,,12005001,,0,0,0,1025,120,,TRUE,,,,
100201,MainMap_01,Main_Stage,,,2,1,,100150,100202,100150,,30,,0,"100201_1,100201_2,100201_3,100201_4,100201_5","100201_1,100201_2,100201_3,100201_4,100201_5",,,,,12005101,,0,0,0,1050,123,100050,,,,,
100202,MainMap_01,Main_Stage,,,2,2,,100201,100203,100150,,30,,0,"100202_1,100202_2,100202_3,100202_4,100202_5","100202_1,100202_2,100202_3,100202_4,100202_5",,,,,12005201,,0,0,0,1075,126,100050,,,,,
100203,MainMap_01,Main_Stage,,,2,3,,100202,100204,100150,,30,,0,"100203_1,100203_2,100203_3,100203_4,100203_5","100203_1,100203_2,100203_3,100203_4,100203_5",,,,,12005301,,0,0,0,1100,129,100050,,,,,
100204,MainMap_01,Main_Stage,,,2,4,,100203,100205,100150,,30,,0,"100204_1,100204_2,100204_3,100204_4,100204_5","100204_1,100204_2,100204_3,100204_4,100204_5",,,,,12005401,,0,0,0,1125,132,100050,,,,,
100205,MainMap_01,Main_Stage,,,2,5,,100204,100206,100150,,30,,0,"100205_1,100205_2,100205_3,100205_4,100205_5","100205_1,100205_2,100205_3,100205_4,100205_5",,,,,12005501,,0,0,0,1150,135,100050,,,,,
100206,MainMap_01,Main_Stage,,,2,6,,100205,100207,100205,,30,,0,"100206_1,100206_2,100206_3,100206_4,100206_5","100206_1,100206_2,100206_3,100206_4,100206_5",,,,,12005601,,0,0,0,1175,138,100050,,,,,
100207,MainMap_01,Main_Stage,,,2,7,,100206,100208,100205,,30,,0,"100207_1,100207_2,100207_3,100207_4,100207_5","100207_1,100207_2,100207_3,100207_4,100207_5",,,,,12005701,,0,0,0,1200,141,100050,,,,,
100208,MainMap_01,Main_Stage,,,2,8,,100207,100209,100205,,30,,0,"100208_1,100208_2,100208_3,100208_4,100208_5","100208_1,100208_2,100208_3,100208_4,100208_5",,,,,12005801,,0,0,0,1225,144,100050,,,,,
100209,MainMap_01,Main_Stage,,,2,9,,100208,100210,100205,,30,,0,"100209_1,100209_2,100209_3,100209_4,100209_5","100209_1,100209_2,100209_3,100209_4,100209_5",,,,,12005901,,0,0,0,1250,147,100050,,,,,
100210,MainMap_01,Main_Stage,,,2,10,,100209,100211,100205,,30,,0,"100210_1,100210_2,100210_3,100210_4,100210_5","100210_1,100210_2,100210_3,100210_4,100210_5",,,,,12006001,,0,0,0,1275,150,100050,TRUE,,,,
100211,MainMap_01,Main_Stage,,,2,11,,100210,100212,100210,,30,,0,"100211_1,100211_2,100211_3,100211_4,100211_5","100211_1,100211_2,100211_3,100211_4,100211_5",,,,,12006101,,0,0,0,1300,153,100050,,,,,
100212,MainMap_01,Main_Stage,,,2,12,,100211,100213,100210,,30,,0,"100212_1,100212_2,100212_3,100212_4,100212_5","100212_1,100212_2,100212_3,100212_4,100212_5",,,,,12006201,,0,0,0,1325,156,100050,,,,,
100213,MainMap_01,Main_Stage,,,2,13,,100212,100214,100210,,30,,0,"100213_1,100213_2,100213_3,100213_4,100213_5","100213_1,100213_2,100213_3,100213_4,100213_5",,,,,12006301,,0,0,0,1350,159,100050,,,,,
100214,MainMap_01,Main_Stage,,,2,14,,100213,100215,100210,,30,,0,"100214_1,100214_2,100214_3,100214_4,100214_5","100214_1,100214_2,100214_3,100214_4,100214_5",,,,,12006401,,0,0,0,1375,162,100050,,,,,
100215,MainMap_01,Main_Stage,,,2,15,,100214,100216,100210,,30,,0,"100215_1,100215_2,100215_3,100215_4,100215_5","100215_1,100215_2,100215_3,100215_4,100215_5",,,,,12006501,,0,0,0,1400,165,100050,,,,,
100216,MainMap_01,Main_Stage,,,2,16,,100215,100217,100215,,30,,0,"100216_1,100216_2,100216_3,100216_4,100216_5","100216_1,100216_2,100216_3,100216_4,100216_5",,,,,12006601,,0,0,0,1425,168,100050,,,,,
100217,MainMap_01,Main_Stage,,,2,17,,100216,100218,100215,,30,,0,"100217_1,100217_2,100217_3,100217_4,100217_5","100217_1,100217_2,100217_3,100217_4,100217_5",,,,,12006701,,0,0,0,1450,171,100050,,,,,
100218,MainMap_01,Main_Stage,,,2,18,,100217,100219,100215,,30,,0,"100218_1,100218_2,100218_3,100218_4,100218_5","100218_1,100218_2,100218_3,100218_4,100218_5",,,,,12006801,,0,0,0,1475,174,100050,,,,,
100219,MainMap_01,Main_Stage,,,2,19,,100218,100220,100215,,30,,0,"100219_1,100219_2,100219_3,100219_4,100219_5","100219_1,100219_2,100219_3,100219_4,100219_5",,,,,12006901,,0,0,0,1500,177,100050,,,,,
100220,MainMap_01,Main_Stage,,,2,20,,100219,100221,100215,,30,,0,"100220_1,100220_2,100220_3,100220_4,100220_5","100220_1,100220_2,100220_3,100220_4,100220_5",,,,,12007001,,0,0,0,1525,180,100050,TRUE,,,,
100221,MainMap_01,Main_Stage,,,2,21,,100220,100222,100220,,30,,0,"100221_1,100221_2,100221_3,100221_4,100221_5","100221_1,100221_2,100221_3,100221_4,100221_5",,,,,12007101,,0,0,0,1550,183,100050,,,,,
100222,MainMap_01,Main_Stage,,,2,22,,100221,100223,100220,,30,,0,"100222_1,100222_2,100222_3,100222_4,100222_5","100222_1,100222_2,100222_3,100222_4,100222_5",,,,,12007201,,0,0,0,1575,186,100050,,,,,
100223,MainMap_01,Main_Stage,,,2,23,,100222,100224,100220,,30,,0,"100223_1,100223_2,100223_3,100223_4,100223_5","100223_1,100223_2,100223_3,100223_4,100223_5",,,,,12007301,,0,0,0,1600,189,100050,,,,,
100224,MainMap_01,Main_Stage,,,2,24,,100223,100225,100220,,30,,0,"100224_1,100224_2,100224_3,100224_4,100224_5","100224_1,100224_2,100224_3,100224_4,100224_5",,,,,12007401,,0,0,0,1625,192,100050,,,,,
100225,MainMap_01,Main_Stage,,,2,25,,100224,100226,100220,,30,,0,"100225_1,100225_2,100225_3,100225_4,100225_5","100225_1,100225_2,100225_3,100225_4,100225_5",,,,,12007501,,0,0,0,1650,195,100050,,,,,
100226,MainMap_01,Main_Stage,,,2,26,,100225,100227,100225,,30,,0,"100226_1,100226_2,100226_3,100226_4,100226_5","100226_1,100226_2,100226_3,100226_4,100226_5",,,,,12007601,,0,0,0,1675,198,100050,,,,,
100227,MainMap_01,Main_Stage,,,2,27,,100226,100228,100225,,30,,0,"100227_1,100227_2,100227_3,100227_4,100227_5","100227_1,100227_2,100227_3,100227_4,100227_5",,,,,12007701,,0,0,0,1700,201,100050,,,,,
100228,MainMap_01,Main_Stage,,,2,28,,100227,100229,100225,,30,,0,"100228_1,100228_2,100228_3,100228_4,100228_5","100228_1,100228_2,100228_3,100228_4,100228_5",,,,,12007801,,0,0,0,1725,204,100050,,,,,
100229,MainMap_01,Main_Stage,,,2,29,,100228,100230,100225,,30,,0,"100229_1,100229_2,100229_3,100229_4,100229_5","100229_1,100229_2,100229_3,100229_4,100229_5",,,,,12007901,,0,0,0,1750,207,100050,,,,,
100230,MainMap_01,Main_Stage,,,2,30,,100229,100231,100225,,30,,0,"100230_1,100230_2,100230_3,100230_4,100230_5","100230_1,100230_2,100230_3,100230_4,100230_5",,,,,12008001,,0,0,0,1775,210,100050,TRUE,,,,
100231,MainMap_01,Main_Stage,,,2,31,,100230,100232,100230,,30,,0,"100231_1,100231_2,100231_3,100231_4,100231_5","100231_1,100231_2,100231_3,100231_4,100231_5",,,,,12008101,,0,0,0,1800,213,100050,,,,,
100232,MainMap_01,Main_Stage,,,2,32,,100231,100233,100230,,30,,0,"100232_1,100232_2,100232_3,100232_4,100232_5","100232_1,100232_2,100232_3,100232_4,100232_5",,,,,12008201,,0,0,0,1825,216,100050,,,,,
100233,MainMap_01,Main_Stage,,,2,33,,100232,100234,100230,,30,,0,"100233_1,100233_2,100233_3,100233_4,100233_5","100233_1,100233_2,100233_3,100233_4,100233_5",,,,,12008301,,0,0,0,1850,219,100050,,,,,
100234,MainMap_01,Main_Stage,,,2,34,,100233,100235,100230,,30,,0,"100234_1,100234_2,100234_3,100234_4,100234_5","100234_1,100234_2,100234_3,100234_4,100234_5",,,,,12008401,,0,0,0,1875,222,100050,,,,,
100235,MainMap_01,Main_Stage,,,2,35,,100234,100236,100230,,30,,0,"100235_1,100235_2,100235_3,100235_4,100235_5","100235_1,100235_2,100235_3,100235_4,100235_5",,,,,12008501,,0,0,0,1900,225,100050,,,,,
100236,MainMap_01,Main_Stage,,,2,36,,100235,100237,100235,,30,,0,"100236_1,100236_2,100236_3,100236_4,100236_5","100236_1,100236_2,100236_3,100236_4,100236_5",,,,,12008601,,0,0,0,1925,228,100050,,,,,
100237,MainMap_01,Main_Stage,,,2,37,,100236,100238,100235,,30,,0,"100237_1,100237_2,100237_3,100237_4,100237_5","100237_1,100237_2,100237_3,100237_4,100237_5",,,,,12008701,,0,0,0,1950,231,100050,,,,,
100238,MainMap_01,Main_Stage,,,2,38,,100237,100239,100235,,30,,0,"100238_1,100238_2,100238_3,100238_4,100238_5","100238_1,100238_2,100238_3,100238_4,100238_5",,,,,12008801,,0,0,0,1975,234,100050,,,,,
100239,MainMap_01,Main_Stage,,,2,39,,100238,100240,100235,,30,,0,"100239_1,100239_2,100239_3,100239_4,100239_5","100239_1,100239_2,100239_3,100239_4,100239_5",,,,,12008901,,0,0,0,2000,237,100050,,,,,
100240,MainMap_01,Main_Stage,,,2,40,,100239,100241,100235,,30,,0,"100240_1,100240_2,100240_3,100240_4,100240_5","100240_1,100240_2,100240_3,100240_4,100240_5",,,,,12009001,,0,0,0,2025,240,100050,TRUE,,,,
100241,MainMap_01,Main_Stage,,,2,41,,100240,100242,100240,,30,,0,"100241_1,100241_2,100241_3,100241_4,100241_5","100241_1,100241_2,100241_3,100241_4,100241_5",,,,,12009101,,0,0,0,2050,243,100050,,,,,
100242,MainMap_01,Main_Stage,,,2,42,,100241,100243,100240,,30,,0,"100242_1,100242_2,100242_3,100242_4,100242_5","100242_1,100242_2,100242_3,100242_4,100242_5",,,,,12009201,,0,0,0,2075,246,100050,,,,,
100243,MainMap_01,Main_Stage,,,2,43,,100242,100244,100240,,30,,0,"100243_1,100243_2,100243_3,100243_4,100243_5","100243_1,100243_2,100243_3,100243_4,100243_5",,,,,12009301,,0,0,0,2100,249,100050,,,,,
100244,MainMap_01,Main_Stage,,,2,44,,100243,100245,100240,,30,,0,"100244_1,100244_2,100244_3,100244_4,100244_5","100244_1,100244_2,100244_3,100244_4,100244_5",,,,,12009401,,0,0,0,2125,252,100050,,,,,
100245,MainMap_01,Main_Stage,,,2,45,,100244,100246,100240,,30,,0,"100245_1,100245_2,100245_3,100245_4,100245_5","100245_1,100245_2,100245_3,100245_4,100245_5",,,,,12009501,,0,0,0,2150,255,100050,,,,,
100246,MainMap_01,Main_Stage,,,2,46,,100245,100247,100245,,30,,0,"100246_1,100246_2,100246_3,100246_4,100246_5","100246_1,100246_2,100246_3,100246_4,100246_5",,,,,12009601,,0,0,0,2175,258,100050,,,,,
100247,MainMap_01,Main_Stage,,,2,47,,100246,100248,100245,,30,,0,"100247_1,100247_2,100247_3,100247_4,100247_5","100247_1,100247_2,100247_3,100247_4,100247_5",,,,,12009701,,0,0,0,2200,261,100050,,,,,
100248,MainMap_01,Main_Stage,,,2,48,,100247,100249,100245,,30,,0,"100248_1,100248_2,100248_3,100248_4,100248_5","100248_1,100248_2,100248_3,100248_4,100248_5",,,,,12009801,,0,0,0,2225,264,100050,,,,,
100249,MainMap_01,Main_Stage,,,2,49,,100248,100250,100245,,30,,0,"100249_1,100249_2,100249_3,100249_4,100249_5","100249_1,100249_2,100249_3,100249_4,100249_5",,,,,12009901,,0,0,0,2250,267,100050,,,,,
100250,MainMap_01,Main_Stage,,,2,50,,100249,100301,100245,,30,,0,"100250_1,100250_2,100250_3,100250_4,100250_5","100250_1,100250_2,100250_3,100250_4,100250_5",,,,,12010001,,0,0,0,2275,270,100100,TRUE,,,,
100301,MainMap_01,Main_Stage,,,3,1,,100250,100302,100250,,30,,0,"100301_1,100301_2,100301_3,100301_4,100301_5","100301_1,100301_2,100301_3,100301_4,100301_5",,,,,12010101,,0,0,0,2300,273,100100,,,,,
100302,MainMap_01,Main_Stage,,,3,2,,100301,100303,100250,,30,,0,"100302_1,100302_2,100302_3,100302_4,100302_5","100302_1,100302_2,100302_3,100302_4,100302_5",,,,,12010201,,0,0,0,2325,276,100100,,,,,
100303,MainMap_01,Main_Stage,,,3,3,,100302,100304,100250,,30,,0,"100303_1,100303_2,100303_3,100303_4,100303_5","100303_1,100303_2,100303_3,100303_4,100303_5",,,,,12010301,,0,0,0,2350,279,100100,,,,,
100304,MainMap_01,Main_Stage,,,3,4,,100303,100305,100250,,30,,0,"100304_1,100304_2,100304_3,100304_4,100304_5","100304_1,100304_2,100304_3,100304_4,100304_5",,,,,12010401,,0,0,0,2375,282,100100,,,,,
100305,MainMap_01,Main_Stage,,,3,5,,100304,100306,100250,,30,,0,"100305_1,100305_2,100305_3,100305_4,100305_5","100305_1,100305_2,100305_3,100305_4,100305_5",,,,,12010501,,0,0,0,2400,285,100100,,,,,
100306,MainMap_01,Main_Stage,,,3,6,,100305,100307,100305,,30,,0,"100306_1,100306_2,100306_3,100306_4,100306_5","100306_1,100306_2,100306_3,100306_4,100306_5",,,,,12010601,,0,0,0,2425,288,100100,,,,,
100307,MainMap_01,Main_Stage,,,3,7,,100306,100308,100305,,30,,0,"100307_1,100307_2,100307_3,100307_4,100307_5","100307_1,100307_2,100307_3,100307_4,100307_5",,,,,12010701,,0,0,0,2450,291,100100,,,,,
100308,MainMap_01,Main_Stage,,,3,8,,100307,100309,100305,,30,,0,"100308_1,100308_2,100308_3,100308_4,100308_5","100308_1,100308_2,100308_3,100308_4,100308_5",,,,,12010801,,0,0,0,2475,294,100100,,,,,
100309,MainMap_01,Main_Stage,,,3,9,,100308,100310,100305,,30,,0,"100309_1,100309_2,100309_3,100309_4,100309_5","100309_1,100309_2,100309_3,100309_4,100309_5",,,,,12010901,,0,0,0,2500,297,100100,,,,,
100310,MainMap_01,Main_Stage,,,3,10,,100309,100311,100305,,30,,0,"100310_1,100310_2,100310_3,100310_4,100310_5","100310_1,100310_2,100310_3,100310_4,100310_5",,,,,12011001,,0,0,0,2525,300,100100,TRUE,,,,
100311,MainMap_01,Main_Stage,,,3,11,,100310,100312,100310,,30,,0,"100311_1,100311_2,100311_3,100311_4,100311_5","100311_1,100311_2,100311_3,100311_4,100311_5",,,,,12011101,,0,0,0,2550,303,100100,,,,,
100312,MainMap_01,Main_Stage,,,3,12,,100311,100313,100310,,30,,0,"100312_1,100312_2,100312_3,100312_4,100312_5","100312_1,100312_2,100312_3,100312_4,100312_5",,,,,12011201,,0,0,0,2575,306,100100,,,,,
100313,MainMap_01,Main_Stage,,,3,13,,100312,100314,100310,,30,,0,"100313_1,100313_2,100313_3,100313_4,100313_5","100313_1,100313_2,100313_3,100313_4,100313_5",,,,,12011301,,0,0,0,2600,309,100100,,,,,
100314,MainMap_01,Main_Stage,,,3,14,,100313,100315,100310,,30,,0,"100314_1,100314_2,100314_3,100314_4,100314_5","100314_1,100314_2,100314_3,100314_4,100314_5",,,,,12011401,,0,0,0,2625,312,100100,,,,,
100315,MainMap_01,Main_Stage,,,3,15,,100314,100316,100310,,30,,0,"100315_1,100315_2,100315_3,100315_4,100315_5","100315_1,100315_2,100315_3,100315_4,100315_5",,,,,12011501,,0,0,0,2650,315,100100,,,,,
100316,MainMap_01,Main_Stage,,,3,16,,100315,100317,100315,,30,,0,"100316_1,100316_2,100316_3,100316_4,100316_5","100316_1,100316_2,100316_3,100316_4,100316_5",,,,,12011601,,0,0,0,2675,318,100100,,,,,
100317,MainMap_01,Main_Stage,,,3,17,,100316,100318,100315,,30,,0,"100317_1,100317_2,100317_3,100317_4,100317_5","100317_1,100317_2,100317_3,100317_4,100317_5",,,,,12011701,,0,0,0,2700,321,100100,,,,,
100318,MainMap_01,Main_Stage,,,3,18,,100317,100319,100315,,30,,0,"100318_1,100318_2,100318_3,100318_4,100318_5","100318_1,100318_2,100318_3,100318_4,100318_5",,,,,12011801,,0,0,0,2725,324,100100,,,,,
100319,MainMap_01,Main_Stage,,,3,19,,100318,100320,100315,,30,,0,"100319_1,100319_2,100319_3,100319_4,100319_5","100319_1,100319_2,100319_3,100319_4,100319_5",,,,,12011901,,0,0,0,2750,327,100100,,,,,
100320,MainMap_01,Main_Stage,,,3,20,,100319,100321,100315,,30,,0,"100320_1,100320_2,100320_3,100320_4,100320_5","100320_1,100320_2,100320_3,100320_4,100320_5",,,,,12012001,,0,0,0,2775,330,100100,TRUE,,,,
100321,MainMap_01,Main_Stage,,,3,21,,100320,100322,100320,,30,,0,"100321_1,100321_2,100321_3,100321_4,100321_5","100321_1,100321_2,100321_3,100321_4,100321_5",,,,,12012101,,0,0,0,2800,333,100100,,,,,
100322,MainMap_01,Main_Stage,,,3,22,,100321,100323,100320,,30,,0,"100322_1,100322_2,100322_3,100322_4,100322_5","100322_1,100322_2,100322_3,100322_4,100322_5",,,,,12012201,,0,0,0,2825,336,100100,,,,,
100323,MainMap_01,Main_Stage,,,3,23,,100322,100324,100320,,30,,0,"100323_1,100323_2,100323_3,100323_4,100323_5","100323_1,100323_2,100323_3,100323_4,100323_5",,,,,12012301,,0,0,0,2850,339,100100,,,,,
100324,MainMap_01,Main_Stage,,,3,24,,100323,100325,100320,,30,,0,"100324_1,100324_2,100324_3,100324_4,100324_5","100324_1,100324_2,100324_3,100324_4,100324_5",,,,,12012401,,0,0,0,2875,342,100100,,,,,
100325,MainMap_01,Main_Stage,,,3,25,,100324,100326,100320,,30,,0,"100325_1,100325_2,100325_3,100325_4,100325_5","100325_1,100325_2,100325_3,100325_4,100325_5",,,,,12012501,,0,0,0,2900,345,100100,,,,,
100326,MainMap_01,Main_Stage,,,3,26,,100325,100327,100325,,30,,0,"100326_1,100326_2,100326_3,100326_4,100326_5","100326_1,100326_2,100326_3,100326_4,100326_5",,,,,12012601,,0,0,0,2925,348,100100,,,,,
100327,MainMap_01,Main_Stage,,,3,27,,100326,100328,100325,,30,,0,"100327_1,100327_2,100327_3,100327_4,100327_5","100327_1,100327_2,100327_3,100327_4,100327_5",,,,,12012701,,0,0,0,2950,351,100100,,,,,
100328,MainMap_01,Main_Stage,,,3,28,,100327,100329,100325,,30,,0,"100328_1,100328_2,100328_3,100328_4,100328_5","100328_1,100328_2,100328_3,100328_4,100328_5",,,,,12012801,,0,0,0,2975,354,100100,,,,,
100329,MainMap_01,Main_Stage,,,3,29,,100328,100330,100325,,30,,0,"100329_1,100329_2,100329_3,100329_4,100329_5","100329_1,100329_2,100329_3,100329_4,100329_5",,,,,12012901,,0,0,0,3000,357,100100,,,,,
100330,MainMap_01,Main_Stage,,,3,30,,100329,100331,100325,,30,,0,"100330_1,100330_2,100330_3,100330_4,100330_5","100330_1,100330_2,100330_3,100330_4,100330_5",,,,,12013001,,0,0,0,3025,360,100100,TRUE,,,,
100331,MainMap_01,Main_Stage,,,3,31,,100330,100332,100330,,30,,0,"100331_1,100331_2,100331_3,100331_4,100331_5","100331_1,100331_2,100331_3,100331_4,100331_5",,,,,12013101,,0,0,0,3050,363,100100,,,,,
100332,MainMap_01,Main_Stage,,,3,32,,100331,100333,100330,,30,,0,"100332_1,100332_2,100332_3,100332_4,100332_5","100332_1,100332_2,100332_3,100332_4,100332_5",,,,,12013201,,0,0,0,3075,366,100100,,,,,
100333,MainMap_01,Main_Stage,,,3,33,,100332,100334,100330,,30,,0,"100333_1,100333_2,100333_3,100333_4,100333_5","100333_1,100333_2,100333_3,100333_4,100333_5",,,,,12013301,,0,0,0,3100,369,100100,,,,,
100334,MainMap_01,Main_Stage,,,3,34,,100333,100335,100330,,30,,0,"100334_1,100334_2,100334_3,100334_4,100334_5","100334_1,100334_2,100334_3,100334_4,100334_5",,,,,12013401,,0,0,0,3125,372,100100,,,,,
100335,MainMap_01,Main_Stage,,,3,35,,100334,100336,100330,,30,,0,"100335_1,100335_2,100335_3,100335_4,100335_5","100335_1,100335_2,100335_3,100335_4,100335_5",,,,,12013501,,0,0,0,3150,375,100100,,,,,
100336,MainMap_01,Main_Stage,,,3,36,,100335,100337,100335,,30,,0,"100336_1,100336_2,100336_3,100336_4,100336_5","100336_1,100336_2,100336_3,100336_4,100336_5",,,,,12013601,,0,0,0,3175,378,100100,,,,,
100337,MainMap_01,Main_Stage,,,3,37,,100336,100338,100335,,30,,0,"100337_1,100337_2,100337_3,100337_4,100337_5","100337_1,100337_2,100337_3,100337_4,100337_5",,,,,12013701,,0,0,0,3200,381,100100,,,,,
100338,MainMap_01,Main_Stage,,,3,38,,100337,100339,100335,,30,,0,"100338_1,100338_2,100338_3,100338_4,100338_5","100338_1,100338_2,100338_3,100338_4,100338_5",,,,,12013801,,0,0,0,3225,384,100100,,,,,
100339,MainMap_01,Main_Stage,,,3,39,,100338,100340,100335,,30,,0,"100339_1,100339_2,100339_3,100339_4,100339_5","100339_1,100339_2,100339_3,100339_4,100339_5",,,,,12013901,,0,0,0,3250,387,100100,,,,,
100340,MainMap_01,Main_Stage,,,3,40,,100339,100341,100335,,30,,0,"100340_1,100340_2,100340_3,100340_4,100340_5","100340_1,100340_2,100340_3,100340_4,100340_5",,,,,12014001,,0,0,0,3275,390,100100,TRUE,,,,
100341,MainMap_01,Main_Stage,,,3,41,,100340,100342,100340,,30,,0,"100341_1,100341_2,100341_3,100341_4,100341_5","100341_1,100341_2,100341_3,100341_4,100341_5",,,,,12014101,,0,0,0,3300,393,100100,,,,,
100342,MainMap_01,Main_Stage,,,3,42,,100341,100343,100340,,30,,0,"100342_1,100342_2,100342_3,100342_4,100342_5","100342_1,100342_2,100342_3,100342_4,100342_5",,,,,12014201,,0,0,0,3325,396,100100,,,,,
100343,MainMap_01,Main_Stage,,,3,43,,100342,100344,100340,,30,,0,"100343_1,100343_2,100343_3,100343_4,100343_5","100343_1,100343_2,100343_3,100343_4,100343_5",,,,,12014301,,0,0,0,3350,399,100100,,,,,
100344,MainMap_01,Main_Stage,,,3,44,,100343,100345,100340,,30,,0,"100344_1,100344_2,100344_3,100344_4,100344_5","100344_1,100344_2,100344_3,100344_4,100344_5",,,,,12014401,,0,0,0,3375,402,100100,,,,,
100345,MainMap_01,Main_Stage,,,3,45,,100344,100346,100340,,30,,0,"100345_1,100345_2,100345_3,100345_4,100345_5","100345_1,100345_2,100345_3,100345_4,100345_5",,,,,12014501,,0,0,0,3400,405,100100,,,,,
100346,MainMap_01,Main_Stage,,,3,46,,100345,100347,100345,,30,,0,"100346_1,100346_2,100346_3,100346_4,100346_5","100346_1,100346_2,100346_3,100346_4,100346_5",,,,,12014601,,0,0,0,3425,408,100100,,,,,
100347,MainMap_01,Main_Stage,,,3,47,,100346,100348,100345,,30,,0,"100347_1,100347_2,100347_3,100347_4,100347_5","100347_1,100347_2,100347_3,100347_4,100347_5",,,,,12014701,,0,0,0,3450,411,100100,,,,,
100348,MainMap_01,Main_Stage,,,3,48,,100347,100349,100345,,30,,0,"100348_1,100348_2,100348_3,100348_4,100348_5","100348_1,100348_2,100348_3,100348_4,100348_5",,,,,12014801,,0,0,0,3475,414,100100,,,,,
100349,MainMap_01,Main_Stage,,,3,49,,100348,100350,100345,,30,,0,"100349_1,100349_2,100349_3,100349_4,100349_5","100349_1,100349_2,100349_3,100349_4,100349_5",,,,,12014901,,0,0,0,3500,417,100100,,,,,
100350,MainMap_01,Main_Stage,,,3,50,,100349,100401,100345,,30,,0,"100350_1,100350_2,100350_3,100350_4,100350_5","100350_1,100350_2,100350_3,100350_4,100350_5",,,,,12015001,,0,0,0,3525,420,100150,TRUE,,,,
100401,MainMap_01,Main_Stage,,,4,1,,100350,100402,100350,,30,,0,"100401_1,100401_2,100401_3,100401_4,100401_5","100401_1,100401_2,100401_3,100401_4,100401_5",,,,,12015101,,0,0,0,3550,423,100150,,,,,
100402,MainMap_01,Main_Stage,,,4,2,,100401,100403,100350,,30,,0,"100402_1,100402_2,100402_3,100402_4,100402_5","100402_1,100402_2,100402_3,100402_4,100402_5",,,,,12015201,,0,0,0,3575,426,100150,,,,,
100403,MainMap_01,Main_Stage,,,4,3,,100402,100404,100350,,30,,0,"100403_1,100403_2,100403_3,100403_4,100403_5","100403_1,100403_2,100403_3,100403_4,100403_5",,,,,12015301,,0,0,0,3600,429,100150,,,,,
100404,MainMap_01,Main_Stage,,,4,4,,100403,100405,100350,,30,,0,"100404_1,100404_2,100404_3,100404_4,100404_5","100404_1,100404_2,100404_3,100404_4,100404_5",,,,,12015401,,0,0,0,3625,432,100150,,,,,
100405,MainMap_01,Main_Stage,,,4,5,,100404,100406,100350,,30,,0,"100405_1,100405_2,100405_3,100405_4,100405_5","100405_1,100405_2,100405_3,100405_4,100405_5",,,,,12015501,,0,0,0,3650,435,100150,,,,,
100406,MainMap_01,Main_Stage,,,4,6,,100405,100407,100405,,30,,0,"100406_1,100406_2,100406_3,100406_4,100406_5","100406_1,100406_2,100406_3,100406_4,100406_5",,,,,12015601,,0,0,0,3675,438,100150,,,,,
100407,MainMap_01,Main_Stage,,,4,7,,100406,100408,100405,,30,,0,"100407_1,100407_2,100407_3,100407_4,100407_5","100407_1,100407_2,100407_3,100407_4,100407_5",,,,,12015701,,0,0,0,3700,441,100150,,,,,
100408,MainMap_01,Main_Stage,,,4,8,,100407,100409,100405,,30,,0,"100408_1,100408_2,100408_3,100408_4,100408_5","100408_1,100408_2,100408_3,100408_4,100408_5",,,,,12015801,,0,0,0,3725,444,100150,,,,,
100409,MainMap_01,Main_Stage,,,4,9,,100408,100410,100405,,30,,0,"100409_1,100409_2,100409_3,100409_4,100409_5","100409_1,100409_2,100409_3,100409_4,100409_5",,,,,12015901,,0,0,0,3750,447,100150,,,,,
100410,MainMap_01,Main_Stage,,,4,10,,100409,100411,100405,,30,,0,"100410_1,100410_2,100410_3,100410_4,100410_5","100410_1,100410_2,100410_3,100410_4,100410_5",,,,,12016001,,0,0,0,3775,450,100150,TRUE,,,,
100411,MainMap_01,Main_Stage,,,4,11,,100410,100412,100410,,30,,0,"100411_1,100411_2,100411_3,100411_4,100411_5","100411_1,100411_2,100411_3,100411_4,100411_5",,,,,12016101,,0,0,0,3800,453,100150,,,,,
100412,MainMap_01,Main_Stage,,,4,12,,100411,100413,100410,,30,,0,"100412_1,100412_2,100412_3,100412_4,100412_5","100412_1,100412_2,100412_3,100412_4,100412_5",,,,,12016201,,0,0,0,3825,456,100150,,,,,
100413,MainMap_01,Main_Stage,,,4,13,,100412,100414,100410,,30,,0,"100413_1,100413_2,100413_3,100413_4,100413_5","100413_1,100413_2,100413_3,100413_4,100413_5",,,,,12016301,,0,0,0,3850,459,100150,,,,,
100414,MainMap_01,Main_Stage,,,4,14,,100413,100415,100410,,30,,0,"100414_1,100414_2,100414_3,100414_4,100414_5","100414_1,100414_2,100414_3,100414_4,100414_5",,,,,12016401,,0,0,0,3875,462,100150,,,,,
100415,MainMap_01,Main_Stage,,,4,15,,100414,100416,100410,,30,,0,"100415_1,100415_2,100415_3,100415_4,100415_5","100415_1,100415_2,100415_3,100415_4,100415_5",,,,,12016501,,0,0,0,3900,465,100150,,,,,
100416,MainMap_01,Main_Stage,,,4,16,,100415,100417,100415,,30,,0,"100416_1,100416_2,100416_3,100416_4,100416_5","100416_1,100416_2,100416_3,100416_4,100416_5",,,,,12016601,,0,0,0,3925,468,100150,,,,,
100417,MainMap_01,Main_Stage,,,4,17,,100416,100418,100415,,30,,0,"100417_1,100417_2,100417_3,100417_4,100417_5","100417_1,100417_2,100417_3,100417_4,100417_5",,,,,12016701,,0,0,0,3950,471,100150,,,,,
100418,MainMap_01,Main_Stage,,,4,18,,100417,100419,100415,,30,,0,"100418_1,100418_2,100418_3,100418_4,100418_5","100418_1,100418_2,100418_3,100418_4,100418_5",,,,,12016801,,0,0,0,3975,474,100150,,,,,
100419,MainMap_01,Main_Stage,,,4,19,,100418,100420,100415,,30,,0,"100419_1,100419_2,100419_3,100419_4,100419_5","100419_1,100419_2,100419_3,100419_4,100419_5",,,,,12016901,,0,0,0,4000,477,100150,,,,,
100420,MainMap_01,Main_Stage,,,4,20,,100419,100421,100415,,30,,0,"100420_1,100420_2,100420_3,100420_4,100420_5","100420_1,100420_2,100420_3,100420_4,100420_5",,,,,12017001,,0,0,0,4025,480,100150,TRUE,,,,
100421,MainMap_01,Main_Stage,,,4,21,,100420,100422,100420,,30,,0,"100421_1,100421_2,100421_3,100421_4,100421_5","100421_1,100421_2,100421_3,100421_4,100421_5",,,,,12017101,,0,0,0,4050,483,100150,,,,,
100422,MainMap_01,Main_Stage,,,4,22,,100421,100423,100420,,30,,0,"100422_1,100422_2,100422_3,100422_4,100422_5","100422_1,100422_2,100422_3,100422_4,100422_5",,,,,12017201,,0,0,0,4075,486,100150,,,,,
100423,MainMap_01,Main_Stage,,,4,23,,100422,100424,100420,,30,,0,"100423_1,100423_2,100423_3,100423_4,100423_5","100423_1,100423_2,100423_3,100423_4,100423_5",,,,,12017301,,0,0,0,4100,489,100150,,,,,
100424,MainMap_01,Main_Stage,,,4,24,,100423,100425,100420,,30,,0,"100424_1,100424_2,100424_3,100424_4,100424_5","100424_1,100424_2,100424_3,100424_4,100424_5",,,,,12017401,,0,0,0,4125,492,100150,,,,,
100425,MainMap_01,Main_Stage,,,4,25,,100424,100426,100420,,30,,0,"100425_1,100425_2,100425_3,100425_4,100425_5","100425_1,100425_2,100425_3,100425_4,100425_5",,,,,12017501,,0,0,0,4150,495,100150,,,,,
100426,MainMap_01,Main_Stage,,,4,26,,100425,100427,100425,,30,,0,"100426_1,100426_2,100426_3,100426_4,100426_5","100426_1,100426_2,100426_3,100426_4,100426_5",,,,,12017601,,0,0,0,4175,498,100150,,,,,
100427,MainMap_01,Main_Stage,,,4,27,,100426,100428,100425,,30,,0,"100427_1,100427_2,100427_3,100427_4,100427_5","100427_1,100427_2,100427_3,100427_4,100427_5",,,,,12017701,,0,0,0,4200,501,100150,,,,,
100428,MainMap_01,Main_Stage,,,4,28,,100427,100429,100425,,30,,0,"100428_1,100428_2,100428_3,100428_4,100428_5","100428_1,100428_2,100428_3,100428_4,100428_5",,,,,12017801,,0,0,0,4225,504,100150,,,,,
100429,MainMap_01,Main_Stage,,,4,29,,100428,100430,100425,,30,,0,"100429_1,100429_2,100429_3,100429_4,100429_5","100429_1,100429_2,100429_3,100429_4,100429_5",,,,,12017901,,0,0,0,4250,507,100150,,,,,
100430,MainMap_01,Main_Stage,,,4,30,,100429,100431,100425,,30,,0,"100430_1,100430_2,100430_3,100430_4,100430_5","100430_1,100430_2,100430_3,100430_4,100430_5",,,,,12018001,,0,0,0,4275,510,100150,TRUE,,,,
100431,MainMap_01,Main_Stage,,,4,31,,100430,100432,100430,,30,,0,"100431_1,100431_2,100431_3,100431_4,100431_5","100431_1,100431_2,100431_3,100431_4,100431_5",,,,,12018101,,0,0,0,4300,513,100150,,,,,
100432,MainMap_01,Main_Stage,,,4,32,,100431,100433,100430,,30,,0,"100432_1,100432_2,100432_3,100432_4,100432_5","100432_1,100432_2,100432_3,100432_4,100432_5",,,,,12018201,,0,0,0,4325,516,100150,,,,,
100433,MainMap_01,Main_Stage,,,4,33,,100432,100434,100430,,30,,0,"100433_1,100433_2,100433_3,100433_4,100433_5","100433_1,100433_2,100433_3,100433_4,100433_5",,,,,12018301,,0,0,0,4350,519,100150,,,,,
100434,MainMap_01,Main_Stage,,,4,34,,100433,100435,100430,,30,,0,"100434_1,100434_2,100434_3,100434_4,100434_5","100434_1,100434_2,100434_3,100434_4,100434_5",,,,,12018401,,0,0,0,4375,522,100150,,,,,
100435,MainMap_01,Main_Stage,,,4,35,,100434,100436,100430,,30,,0,"100435_1,100435_2,100435_3,100435_4,100435_5","100435_1,100435_2,100435_3,100435_4,100435_5",,,,,12018501,,0,0,0,4400,525,100150,,,,,
100436,MainMap_01,Main_Stage,,,4,36,,100435,100437,100435,,30,,0,"100436_1,100436_2,100436_3,100436_4,100436_5","100436_1,100436_2,100436_3,100436_4,100436_5",,,,,12018601,,0,0,0,4425,528,100150,,,,,
100437,MainMap_01,Main_Stage,,,4,37,,100436,100438,100435,,30,,0,"100437_1,100437_2,100437_3,100437_4,100437_5","100437_1,100437_2,100437_3,100437_4,100437_5",,,,,12018701,,0,0,0,4450,531,100150,,,,,
100438,MainMap_01,Main_Stage,,,4,38,,100437,100439,100435,,30,,0,"100438_1,100438_2,100438_3,100438_4,100438_5","100438_1,100438_2,100438_3,100438_4,100438_5",,,,,12018801,,0,0,0,4475,534,100150,,,,,
100439,MainMap_01,Main_Stage,,,4,39,,100438,100440,100435,,30,,0,"100439_1,100439_2,100439_3,100439_4,100439_5","100439_1,100439_2,100439_3,100439_4,100439_5",,,,,12018901,,0,0,0,4500,537,100150,,,,,
100440,MainMap_01,Main_Stage,,,4,40,,100439,100441,100435,,30,,0,"100440_1,100440_2,100440_3,100440_4,100440_5","100440_1,100440_2,100440_3,100440_4,100440_5",,,,,12019001,,0,0,0,4525,540,100150,TRUE,,,,
100441,MainMap_01,Main_Stage,,,4,41,,100440,100442,100440,,30,,0,"100441_1,100441_2,100441_3,100441_4,100441_5","100441_1,100441_2,100441_3,100441_4,100441_5",,,,,12019101,,0,0,0,4550,543,100150,,,,,
100442,MainMap_01,Main_Stage,,,4,42,,100441,100443,100440,,30,,0,"100442_1,100442_2,100442_3,100442_4,100442_5","100442_1,100442_2,100442_3,100442_4,100442_5",,,,,12019201,,0,0,0,4575,546,100150,,,,,
100443,MainMap_01,Main_Stage,,,4,43,,100442,100444,100440,,30,,0,"100443_1,100443_2,100443_3,100443_4,100443_5","100443_1,100443_2,100443_3,100443_4,100443_5",,,,,12019301,,0,0,0,4600,549,100150,,,,,
100444,MainMap_01,Main_Stage,,,4,44,,100443,100445,100440,,30,,0,"100444_1,100444_2,100444_3,100444_4,100444_5","100444_1,100444_2,100444_3,100444_4,100444_5",,,,,12019401,,0,0,0,4625,552,100150,,,,,
100445,MainMap_01,Main_Stage,,,4,45,,100444,100446,100440,,30,,0,"100445_1,100445_2,100445_3,100445_4,100445_5","100445_1,100445_2,100445_3,100445_4,100445_5",,,,,12019501,,0,0,0,4650,555,100150,,,,,
100446,MainMap_01,Main_Stage,,,4,46,,100445,100447,100445,,30,,0,"100446_1,100446_2,100446_3,100446_4,100446_5","100446_1,100446_2,100446_3,100446_4,100446_5",,,,,12019601,,0,0,0,4675,558,100150,,,,,
100447,MainMap_01,Main_Stage,,,4,47,,100446,100448,100445,,30,,0,"100447_1,100447_2,100447_3,100447_4,100447_5","100447_1,100447_2,100447_3,100447_4,100447_5",,,,,12019701,,0,0,0,4700,561,100150,,,,,
100448,MainMap_01,Main_Stage,,,4,48,,100447,100449,100445,,30,,0,"100448_1,100448_2,100448_3,100448_4,100448_5","100448_1,100448_2,100448_3,100448_4,100448_5",,,,,12019801,,0,0,0,4725,564,100150,,,,,
100449,MainMap_01,Main_Stage,,,4,49,,100448,100450,100445,,30,,0,"100449_1,100449_2,100449_3,100449_4,100449_5","100449_1,100449_2,100449_3,100449_4,100449_5",,,,,12019901,,0,0,0,4750,567,100150,,,,,
100450,MainMap_01,Main_Stage,,,4,50,,100449,100501,100445,,30,,0,"100450_1,100450_2,100450_3,100450_4,100450_5","100450_1,100450_2,100450_3,100450_4,100450_5",,,,,12020001,,0,0,0,4775,570,100200,TRUE,,,,
100501,MainMap_01,Main_Stage,,,5,1,,100450,100502,100450,,30,,0,"100501_1,100501_2,100501_3,100501_4,100501_5","100501_1,100501_2,100501_3,100501_4,100501_5",,,,,12020101,,0,0,0,4800,573,100200,,,,,
100502,MainMap_01,Main_Stage,,,5,2,,100501,100503,100450,,30,,0,"100502_1,100502_2,100502_3,100502_4,100502_5","100502_1,100502_2,100502_3,100502_4,100502_5",,,,,12020201,,0,0,0,4825,576,100200,,,,,
100503,MainMap_01,Main_Stage,,,5,3,,100502,100504,100450,,30,,0,"100503_1,100503_2,100503_3,100503_4,100503_5","100503_1,100503_2,100503_3,100503_4,100503_5",,,,,12020301,,0,0,0,4850,579,100200,,,,,
100504,MainMap_01,Main_Stage,,,5,4,,100503,100505,100450,,30,,0,"100504_1,100504_2,100504_3,100504_4,100504_5","100504_1,100504_2,100504_3,100504_4,100504_5",,,,,12020401,,0,0,0,4875,582,100200,,,,,
100505,MainMap_01,Main_Stage,,,5,5,,100504,100506,100450,,30,,0,"100505_1,100505_2,100505_3,100505_4,100505_5","100505_1,100505_2,100505_3,100505_4,100505_5",,,,,12020501,,0,0,0,4900,585,100200,,,,,
100506,MainMap_01,Main_Stage,,,5,6,,100505,100507,100505,,30,,0,"100506_1,100506_2,100506_3,100506_4,100506_5","100506_1,100506_2,100506_3,100506_4,100506_5",,,,,12020601,,0,0,0,4925,588,100200,,,,,
100507,MainMap_01,Main_Stage,,,5,7,,100506,100508,100505,,30,,0,"100507_1,100507_2,100507_3,100507_4,100507_5","100507_1,100507_2,100507_3,100507_4,100507_5",,,,,12020701,,0,0,0,4950,591,100200,,,,,
100508,MainMap_01,Main_Stage,,,5,8,,100507,100509,100505,,30,,0,"100508_1,100508_2,100508_3,100508_4,100508_5","100508_1,100508_2,100508_3,100508_4,100508_5",,,,,12020801,,0,0,0,4975,594,100200,,,,,
100509,MainMap_01,Main_Stage,,,5,9,,100508,100510,100505,,30,,0,"100509_1,100509_2,100509_3,100509_4,100509_5","100509_1,100509_2,100509_3,100509_4,100509_5",,,,,12020901,,0,0,0,5000,597,100200,,,,,
100510,MainMap_01,Main_Stage,,,5,10,,100509,100511,100505,,30,,0,"100510_1,100510_2,100510_3,100510_4,100510_5","100510_1,100510_2,100510_3,100510_4,100510_5",,,,,12021001,,0,0,0,5025,600,100200,TRUE,,,,
100511,MainMap_01,Main_Stage,,,5,11,,100510,100512,100510,,30,,0,"100511_1,100511_2,100511_3,100511_4,100511_5","100511_1,100511_2,100511_3,100511_4,100511_5",,,,,12021101,,0,0,0,5050,603,100200,,,,,
100512,MainMap_01,Main_Stage,,,5,12,,100511,100513,100510,,30,,0,"100512_1,100512_2,100512_3,100512_4,100512_5","100512_1,100512_2,100512_3,100512_4,100512_5",,,,,12021201,,0,0,0,5075,606,100200,,,,,
100513,MainMap_01,Main_Stage,,,5,13,,100512,100514,100510,,30,,0,"100513_1,100513_2,100513_3,100513_4,100513_5","100513_1,100513_2,100513_3,100513_4,100513_5",,,,,12021301,,0,0,0,5100,609,100200,,,,,
100514,MainMap_01,Main_Stage,,,5,14,,100513,100515,100510,,30,,0,"100514_1,100514_2,100514_3,100514_4,100514_5","100514_1,100514_2,100514_3,100514_4,100514_5",,,,,12021401,,0,0,0,5125,612,100200,,,,,
100515,MainMap_01,Main_Stage,,,5,15,,100514,100516,100510,,30,,0,"100515_1,100515_2,100515_3,100515_4,100515_5","100515_1,100515_2,100515_3,100515_4,100515_5",,,,,12021501,,0,0,0,5150,615,100200,,,,,
100516,MainMap_01,Main_Stage,,,5,16,,100515,100517,100515,,30,,0,"100516_1,100516_2,100516_3,100516_4,100516_5","100516_1,100516_2,100516_3,100516_4,100516_5",,,,,12021601,,0,0,0,5175,618,100200,,,,,
100517,MainMap_01,Main_Stage,,,5,17,,100516,100518,100515,,30,,0,"100517_1,100517_2,100517_3,100517_4,100517_5","100517_1,100517_2,100517_3,100517_4,100517_5",,,,,12021701,,0,0,0,5200,621,100200,,,,,
100518,MainMap_01,Main_Stage,,,5,18,,100517,100519,100515,,30,,0,"100518_1,100518_2,100518_3,100518_4,100518_5","100518_1,100518_2,100518_3,100518_4,100518_5",,,,,12021801,,0,0,0,5225,624,100200,,,,,
100519,MainMap_01,Main_Stage,,,5,19,,100518,100520,100515,,30,,0,"100519_1,100519_2,100519_3,100519_4,100519_5","100519_1,100519_2,100519_3,100519_4,100519_5",,,,,12021901,,0,0,0,5250,627,100200,,,,,
100520,MainMap_01,Main_Stage,,,5,20,,100519,100521,100515,,30,,0,"100520_1,100520_2,100520_3,100520_4,100520_5","100520_1,100520_2,100520_3,100520_4,100520_5",,,,,12022001,,0,0,0,5275,630,100200,TRUE,,,,
100521,MainMap_01,Main_Stage,,,5,21,,100520,100522,100520,,30,,0,"100521_1,100521_2,100521_3,100521_4,100521_5","100521_1,100521_2,100521_3,100521_4,100521_5",,,,,12022101,,0,0,0,5300,633,100200,,,,,
100522,MainMap_01,Main_Stage,,,5,22,,100521,100523,100520,,30,,0,"100522_1,100522_2,100522_3,100522_4,100522_5","100522_1,100522_2,100522_3,100522_4,100522_5",,,,,12022201,,0,0,0,5325,636,100200,,,,,
100523,MainMap_01,Main_Stage,,,5,23,,100522,100524,100520,,30,,0,"100523_1,100523_2,100523_3,100523_4,100523_5","100523_1,100523_2,100523_3,100523_4,100523_5",,,,,12022301,,0,0,0,5350,639,100200,,,,,
100524,MainMap_01,Main_Stage,,,5,24,,100523,100525,100520,,30,,0,"100524_1,100524_2,100524_3,100524_4,100524_5","100524_1,100524_2,100524_3,100524_4,100524_5",,,,,12022401,,0,0,0,5375,642,100200,,,,,
100525,MainMap_01,Main_Stage,,,5,25,,100524,100526,100520,,30,,0,"100525_1,100525_2,100525_3,100525_4,100525_5","100525_1,100525_2,100525_3,100525_4,100525_5",,,,,12022501,,0,0,0,5400,645,100200,,,,,
100526,MainMap_01,Main_Stage,,,5,26,,100525,100527,100525,,30,,0,"100526_1,100526_2,100526_3,100526_4,100526_5","100526_1,100526_2,100526_3,100526_4,100526_5",,,,,12022601,,0,0,0,5425,648,100200,,,,,
100527,MainMap_01,Main_Stage,,,5,27,,100526,100528,100525,,30,,0,"100527_1,100527_2,100527_3,100527_4,100527_5","100527_1,100527_2,100527_3,100527_4,100527_5",,,,,12022701,,0,0,0,5450,651,100200,,,,,
100528,MainMap_01,Main_Stage,,,5,28,,100527,100529,100525,,30,,0,"100528_1,100528_2,100528_3,100528_4,100528_5","100528_1,100528_2,100528_3,100528_4,100528_5",,,,,12022801,,0,0,0,5475,654,100200,,,,,
100529,MainMap_01,Main_Stage,,,5,29,,100528,100530,100525,,30,,0,"100529_1,100529_2,100529_3,100529_4,100529_5","100529_1,100529_2,100529_3,100529_4,100529_5",,,,,12022901,,0,0,0,5500,657,100200,,,,,
100530,MainMap_01,Main_Stage,,,5,30,,100529,100531,100525,,30,,0,"100530_1,100530_2,100530_3,100530_4,100530_5","100530_1,100530_2,100530_3,100530_4,100530_5",,,,,12023001,,0,0,0,5525,660,100200,TRUE,,,,
100531,MainMap_01,Main_Stage,,,5,31,,100530,100532,100530,,30,,0,"100531_1,100531_2,100531_3,100531_4,100531_5","100531_1,100531_2,100531_3,100531_4,100531_5",,,,,12023101,,0,0,0,5550,663,100200,,,,,
100532,MainMap_01,Main_Stage,,,5,32,,100531,100533,100530,,30,,0,"100532_1,100532_2,100532_3,100532_4,100532_5","100532_1,100532_2,100532_3,100532_4,100532_5",,,,,12023201,,0,0,0,5575,666,100200,,,,,
100533,MainMap_01,Main_Stage,,,5,33,,100532,100534,100530,,30,,0,"100533_1,100533_2,100533_3,100533_4,100533_5","100533_1,100533_2,100533_3,100533_4,100533_5",,,,,12023301,,0,0,0,5600,669,100200,,,,,
100534,MainMap_01,Main_Stage,,,5,34,,100533,100535,100530,,30,,0,"100534_1,100534_2,100534_3,100534_4,100534_5","100534_1,100534_2,100534_3,100534_4,100534_5",,,,,12023401,,0,0,0,5625,672,100200,,,,,
100535,MainMap_01,Main_Stage,,,5,35,,100534,100536,100530,,30,,0,"100535_1,100535_2,100535_3,100535_4,100535_5","100535_1,100535_2,100535_3,100535_4,100535_5",,,,,12023501,,0,0,0,5650,675,100200,,,,,
100536,MainMap_01,Main_Stage,,,5,36,,100535,100537,100535,,30,,0,"100536_1,100536_2,100536_3,100536_4,100536_5","100536_1,100536_2,100536_3,100536_4,100536_5",,,,,12023601,,0,0,0,5675,678,100200,,,,,
100537,MainMap_01,Main_Stage,,,5,37,,100536,100538,100535,,30,,0,"100537_1,100537_2,100537_3,100537_4,100537_5","100537_1,100537_2,100537_3,100537_4,100537_5",,,,,12023701,,0,0,0,5700,681,100200,,,,,
100538,MainMap_01,Main_Stage,,,5,38,,100537,100539,100535,,30,,0,"100538_1,100538_2,100538_3,100538_4,100538_5","100538_1,100538_2,100538_3,100538_4,100538_5",,,,,12023801,,0,0,0,5725,684,100200,,,,,
100539,MainMap_01,Main_Stage,,,5,39,,100538,100540,100535,,30,,0,"100539_1,100539_2,100539_3,100539_4,100539_5","100539_1,100539_2,100539_3,100539_4,100539_5",,,,,12023901,,0,0,0,5750,687,100200,,,,,
100540,MainMap_01,Main_Stage,,,5,40,,100539,100541,100535,,30,,0,"100540_1,100540_2,100540_3,100540_4,100540_5","100540_1,100540_2,100540_3,100540_4,100540_5",,,,,12024001,,0,0,0,5775,690,100200,TRUE,,,,
100541,MainMap_01,Main_Stage,,,5,41,,100540,100542,100540,,30,,0,"100541_1,100541_2,100541_3,100541_4,100541_5","100541_1,100541_2,100541_3,100541_4,100541_5",,,,,12024101,,0,0,0,5800,693,100200,,,,,
100542,MainMap_01,Main_Stage,,,5,42,,100541,100543,100540,,30,,0,"100542_1,100542_2,100542_3,100542_4,100542_5","100542_1,100542_2,100542_3,100542_4,100542_5",,,,,12024201,,0,0,0,5825,696,100200,,,,,
100543,MainMap_01,Main_Stage,,,5,43,,100542,100544,100540,,30,,0,"100543_1,100543_2,100543_3,100543_4,100543_5","100543_1,100543_2,100543_3,100543_4,100543_5",,,,,12024301,,0,0,0,5850,699,100200,,,,,
100544,MainMap_01,Main_Stage,,,5,44,,100543,100545,100540,,30,,0,"100544_1,100544_2,100544_3,100544_4,100544_5","100544_1,100544_2,100544_3,100544_4,100544_5",,,,,12024401,,0,0,0,5875,702,100200,,,,,
100545,MainMap_01,Main_Stage,,,5,45,,100544,100546,100540,,30,,0,"100545_1,100545_2,100545_3,100545_4,100545_5","100545_1,100545_2,100545_3,100545_4,100545_5",,,,,12024501,,0,0,0,5900,705,100200,,,,,
100546,MainMap_01,Main_Stage,,,5,46,,100545,100547,100545,,30,,0,"100546_1,100546_2,100546_3,100546_4,100546_5","100546_1,100546_2,100546_3,100546_4,100546_5",,,,,12024601,,0,0,0,5925,708,100200,,,,,
100547,MainMap_01,Main_Stage,,,5,47,,100546,100548,100545,,30,,0,"100547_1,100547_2,100547_3,100547_4,100547_5","100547_1,100547_2,100547_3,100547_4,100547_5",,,,,12024701,,0,0,0,5950,711,100200,,,,,
100548,MainMap_01,Main_Stage,,,5,48,,100547,100549,100545,,30,,0,"100548_1,100548_2,100548_3,100548_4,100548_5","100548_1,100548_2,100548_3,100548_4,100548_5",,,,,12024801,,0,0,0,5975,714,100200,,,,,
100549,MainMap_01,Main_Stage,,,5,49,,100548,100550,100545,,30,,0,"100549_1,100549_2,100549_3,100549_4,100549_5","100549_1,100549_2,100549_3,100549_4,100549_5",,,,,12024901,,0,0,0,6000,717,100200,,,,,
100550,MainMap_01,Main_Stage,,,5,50,,100549,,100545,,30,,0,"100550_1,100550_2,100550_3,100550_4,100550_5","100550_1,100550_2,100550_3,100550_4,100550_5",,,,,12025001,,0,0,0,6025,720,100200,TRUE,,,,
;골드 던전,,,,,,,,,,,,,,,,,,,,,,,,,,,,,,,,,
100001,Gold_Map01,Gold_Stage,,,1,,700009,100001,100002,100001,,30,Gold_Ticket,1,"1000001_1,1000001_2,1000001_3",,,,,,510001,520001,0,0,0,0,0,510001,,,,,
100002,Gold_Map01,Gold_Stage,,,2,,,100002,100003,100002,,30,Gold_Ticket,1,"1000002_1,1000002_2,1000002_3",,,,,,510002,520002,0,0,0,50,5,510002,,,,,
100003,Gold_Map01,Gold_Stage,,,3,,,100003,100004,100003,,30,Gold_Ticket,1,"1000003_1,1000003_2,1000003_3",,,,,,510003,520003,0,0,0,100,10,510003,,,,,
100004,Gold_Map01,Gold_Stage,,,4,,,100004,100005,100004,,30,Gold_Ticket,1,"1000004_1,1000004_2,1000004_3",,,,,,510004,520004,0,0,0,150,15,510004,,,,,
100005,Gold_Map01,Gold_Stage,,,5,,,100005,100006,100005,,30,Gold_Ticket,1,"1000005_1,1000005_2,1000005_3",,,,,,510005,520005,0,0,0,200,20,510005,,,,,
100006,Gold_Map01,Gold_Stage,,,6,,,100006,100007,100006,,30,Gold_Ticket,1,"1000006_1,1000006_2,1000006_3",,,,,,510006,520006,0,0,0,250,25,510006,,,,,
100007,Gold_Map01,Gold_Stage,,,7,,,100007,100008,100007,,30,Gold_Ticket,1,"1000007_1,1000007_2,1000007_3",,,,,,510007,520007,0,0,0,300,30,510007,,,,,
100008,Gold_Map01,Gold_Stage,,,8,,,100008,100009,100008,,30,Gold_Ticket,1,"1000008_1,1000008_2,1000008_3",,,,,,510008,520008,0,0,0,350,35,510008,,,,,
100009,Gold_Map01,Gold_Stage,,,9,,,100009,100010,100009,,30,Gold_Ticket,1,"1000009_1,1000009_2,1000009_3",,,,,,510009,520009,0,0,0,400,40,510009,,,,,
100010,Gold_Map01,Gold_Stage,,,10,,,100010,100011,100010,,30,Gold_Ticket,1,"1000010_1,1000010_2,1000010_3",,,,,,510010,520010,0,0,0,450,45,510010,,,,,
100011,Gold_Map01,Gold_Stage,,,11,,,100011,100012,100011,,30,Gold_Ticket,1,"1000011_1,1000011_2,1000011_3",,,,,,510011,520011,0,0,0,500,50,510011,,,,,
100012,Gold_Map01,Gold_Stage,,,12,,,100012,100013,100012,,30,Gold_Ticket,1,"1000012_1,1000012_2,1000012_3",,,,,,510012,520012,0,0,0,550,55,510012,,,,,
100013,Gold_Map01,Gold_Stage,,,13,,,100013,100014,100013,,30,Gold_Ticket,1,"1000013_1,1000013_2,1000013_3",,,,,,510013,520013,0,0,0,600,60,510013,,,,,
100014,Gold_Map01,Gold_Stage,,,14,,,100014,100015,100014,,30,Gold_Ticket,1,"1000014_1,1000014_2,1000014_3",,,,,,510014,520014,0,0,0,650,65,510014,,,,,
100015,Gold_Map01,Gold_Stage,,,15,,,100015,100016,100015,,30,Gold_Ticket,1,"1000015_1,1000015_2,1000015_3",,,,,,510015,520015,0,0,0,700,70,510015,,,,,
100016,Gold_Map01,Gold_Stage,,,16,,,100016,100017,100016,,30,Gold_Ticket,1,"1000016_1,1000016_2,1000016_3",,,,,,510016,520016,0,0,0,750,75,510016,,,,,
100017,Gold_Map01,Gold_Stage,,,17,,,100017,100018,100017,,30,Gold_Ticket,1,"1000017_1,1000017_2,1000017_3",,,,,,510017,520017,0,0,0,800,80,510017,,,,,
100018,Gold_Map01,Gold_Stage,,,18,,,100018,100019,100018,,30,Gold_Ticket,1,"1000018_1,1000018_2,1000018_3",,,,,,510018,520018,0,0,0,850,85,510018,,,,,
100019,Gold_Map01,Gold_Stage,,,19,,,100019,100020,100019,,30,Gold_Ticket,1,"1000019_1,1000019_2,1000019_3",,,,,,510019,520019,0,0,0,900,90,510019,,,,,
100020,Gold_Map01,Gold_Stage,,,20,,,100020,100021,100020,,30,Gold_Ticket,1,"1000020_1,1000020_2,1000020_3",,,,,,510020,520020,0,0,0,950,95,510020,,,,,
100021,Gold_Map01,Gold_Stage,,,21,,,100021,100022,100021,,30,Gold_Ticket,1,"1000021_1,1000021_2,1000021_3",,,,,,510021,520021,0,0,0,1000,100,510021,,,,,
100022,Gold_Map01,Gold_Stage,,,22,,,100022,100023,100022,,30,Gold_Ticket,1,"1000022_1,1000022_2,1000022_3",,,,,,510022,520022,0,0,0,1050,105,510022,,,,,
100023,Gold_Map01,Gold_Stage,,,23,,,100023,100024,100023,,30,Gold_Ticket,1,"1000023_1,1000023_2,1000023_3",,,,,,510023,520023,0,0,0,1100,110,510023,,,,,
100024,Gold_Map01,Gold_Stage,,,24,,,100024,100025,100024,,30,Gold_Ticket,1,"1000024_1,1000024_2,1000024_3",,,,,,510024,520024,0,0,0,1150,115,510024,,,,,
100025,Gold_Map01,Gold_Stage,,,25,,,100025,100026,100025,,30,Gold_Ticket,1,"1000025_1,1000025_2,1000025_3",,,,,,510025,520025,0,0,0,1200,120,510025,,,,,
100026,Gold_Map01,Gold_Stage,,,26,,,100026,100027,100026,,30,Gold_Ticket,1,"1000026_1,1000026_2,1000026_3",,,,,,510026,520026,0,0,0,1250,125,510026,,,,,
100027,Gold_Map01,Gold_Stage,,,27,,,100027,100028,100027,,30,Gold_Ticket,1,"1000027_1,1000027_2,1000027_3",,,,,,510027,520027,0,0,0,1300,130,510027,,,,,
100028,Gold_Map01,Gold_Stage,,,28,,,100028,100029,100028,,30,Gold_Ticket,1,"1000028_1,1000028_2,1000028_3",,,,,,510028,520028,0,0,0,1350,135,510028,,,,,
100029,Gold_Map01,Gold_Stage,,,29,,,100029,100030,100029,,30,Gold_Ticket,1,"1000029_1,1000029_2,1000029_3",,,,,,510029,520029,0,0,0,1400,140,510029,,,,,
100030,Gold_Map01,Gold_Stage,,,30,,,100030,,100030,,30,Gold_Ticket,1,"1000030_1,1000030_2,1000030_3",,,,,,510030,520030,0,0,0,1450,145,510030,,,,,
;강화석 던전,,,,,,,,,,,,,,,,,,,,,,,,,,,,,,,,,
200001,Enchant_Map01,Enchant_Stage,,,1,1,700009,,200002,,,20,Enchant_Ticket,1,200001_1,,,,,,610001,620001,0,0,0,0,0,610001,,,,,
200002,Enchant_Map01,Enchant_Stage,,,1,2,,200001,200003,,,20,Enchant_Ticket,1,200002_1,,,,,,610002,620002,0,0,0,0,0,610002,,,,,
200003,Enchant_Map01,Enchant_Stage,,,1,3,,200002,200004,,,20,Enchant_Ticket,1,200002_1,,,,,,610003,620003,0,0,0,0,0,610003,,,,,
200004,Enchant_Map01,Enchant_Stage,,,1,4,,200003,200005,,,20,Enchant_Ticket,1,200002_1,,,,,,610004,620004,0,0,0,0,0,610004,,,,,
200005,Enchant_Map01,Enchant_Stage,,,1,5,,200004,200006,,,20,Enchant_Ticket,1,200002_1,,,,,,610005,620005,0,0,0,0,0,610005,,,,,
200006,Enchant_Map01,Enchant_Stage,,,1,6,,200005,200007,,,20,Enchant_Ticket,1,200002_1,,,,,,610006,620006,0,0,0,0,0,610006,,,,,
200007,Enchant_Map01,Enchant_Stage,,,1,7,,200006,200008,,,20,Enchant_Ticket,1,200002_1,,,,,,610007,620007,0,0,0,0,0,610007,,,,,
200008,Enchant_Map01,Enchant_Stage,,,1,8,,200007,200009,,,20,Enchant_Ticket,1,200002_1,,,,,,610008,620008,0,0,0,0,0,610008,,,,,
200009,Enchant_Map01,Enchant_Stage,,,1,9,,200008,200010,,,20,Enchant_Ticket,1,200002_1,,,,,,610009,620009,0,0,0,0,0,610009,,,,,
200010,Enchant_Map01,Enchant_Stage,,,1,10,,200009,200011,,,20,Enchant_Ticket,1,200002_1,,,,,,610010,620010,0,0,0,0,0,610010,,,,,
200011,Enchant_Map01,Enchant_Stage,,,1,11,,200010,200012,,,20,Enchant_Ticket,1,200002_1,,,,,,610011,620011,0,0,0,0,0,610011,,,,,
200012,Enchant_Map01,Enchant_Stage,,,1,12,,200011,200013,,,20,Enchant_Ticket,1,200002_1,,,,,,610012,620012,0,0,0,0,0,610012,,,,,
200013,Enchant_Map01,Enchant_Stage,,,1,13,,200012,200014,,,20,Enchant_Ticket,1,200002_1,,,,,,610013,620013,0,0,0,0,0,610013,,,,,
200014,Enchant_Map01,Enchant_Stage,,,1,14,,200013,200015,,,20,Enchant_Ticket,1,200002_1,,,,,,610014,620014,0,0,0,0,0,610014,,,,,
200015,Enchant_Map01,Enchant_Stage,,,1,15,,200014,200016,,,20,Enchant_Ticket,1,200002_1,,,,,,610015,620015,0,0,0,0,0,610015,,,,,
200016,Enchant_Map01,Enchant_Stage,,,1,16,,200015,200017,,,20,Enchant_Ticket,1,200001_1,,,,,,610016,620016,0,0,0,0,0,610016,,,,,
200017,Enchant_Map01,Enchant_Stage,,,1,17,,200016,200018,,,20,Enchant_Ticket,1,200002_1,,,,,,610017,620017,0,0,0,0,0,610017,,,,,
200018,Enchant_Map01,Enchant_Stage,,,1,18,,200017,200019,,,20,Enchant_Ticket,1,200002_1,,,,,,610018,620018,0,0,0,0,0,610018,,,,,
200019,Enchant_Map01,Enchant_Stage,,,1,19,,200018,200020,,,20,Enchant_Ticket,1,200002_1,,,,,,610019,620019,0,0,0,0,0,610019,,,,,
200020,Enchant_Map01,Enchant_Stage,,,1,20,,200019,200021,,,20,Enchant_Ticket,1,200002_1,,,,,,610020,620020,0,0,0,0,0,610020,,,,,
200021,Enchant_Map01,Enchant_Stage,,,1,21,,200020,200022,,,20,Enchant_Ticket,1,200002_1,,,,,,610021,620021,0,0,0,0,0,610021,,,,,
200022,Enchant_Map01,Enchant_Stage,,,1,22,,200021,200023,,,20,Enchant_Ticket,1,200002_1,,,,,,610022,620022,0,0,0,0,0,610022,,,,,
200023,Enchant_Map01,Enchant_Stage,,,1,23,,200022,200024,,,20,Enchant_Ticket,1,200002_1,,,,,,610023,620023,0,0,0,0,0,610023,,,,,
200024,Enchant_Map01,Enchant_Stage,,,1,24,,200023,200025,,,20,Enchant_Ticket,1,200002_1,,,,,,610024,620024,0,0,0,0,0,610024,,,,,
200025,Enchant_Map01,Enchant_Stage,,,1,25,,200024,200026,,,20,Enchant_Ticket,1,200002_1,,,,,,610025,620025,0,0,0,0,0,610025,,,,,
200026,Enchant_Map01,Enchant_Stage,,,1,26,,200025,200027,,,20,Enchant_Ticket,1,200002_1,,,,,,610026,620026,0,0,0,0,0,610026,,,,,
200027,Enchant_Map01,Enchant_Stage,,,1,27,,200026,200028,,,20,Enchant_Ticket,1,200002_1,,,,,,610027,620027,0,0,0,0,0,610027,,,,,
200028,Enchant_Map01,Enchant_Stage,,,1,28,,200027,200029,,,20,Enchant_Ticket,1,200002_1,,,,,,610028,620028,0,0,0,0,0,610028,,,,,
200029,Enchant_Map01,Enchant_Stage,,,1,29,,200028,200030,,,20,Enchant_Ticket,1,200002_1,,,,,,610029,620029,0,0,0,0,0,610029,,,,,
200030,Enchant_Map01,Enchant_Stage,,,1,30,,200029,,,,20,Enchant_Ticket,1,200002_1,,,,,,610030,620030,0,0,0,0,0,610030,,,,,
;기사도 던전,,,,,,,,,,,,,,,,,,,,,,,,,,,,,,,,,
300001,Chivalry_Map01,Chivalry_Stage,,,1,1,700009,300001,300002,300001,,40,Denfence_Ticket,1,300001_1,,,,,,10010050,,0,0,0,0,0,,,,,,
300002,Chivalry_Map01,Chivalry_Stage,,,1,2,,300002,,300002,,40,Denfence_Ticket,1,"300002_1,300002_2,300002_3",,,,,,10010050,,0,0,0,0,0,,,,,,
;성유물 던전,,,,,,,,,,,,,,,,,,,,,,,,,,,,,,,,,
400001,Relic_Map01,Relic_Stage,,,1,1,700009,400001,400002,400001,,40,Relic_Ticket,1,400001_1,,,1005001,10000,10000_1,10010050,,0,0,0,0,0,,,,,,
400002,Relic_Map01,Relic_Stage,,,1,2,,400002,,400002,,40,Relic_Ticket,1,400001_1,,,1005001,10000,10000_1,10010050,,0,0,0,0,0,,,,,,
;PVP 던전,,,,,,,,,,,,,,,,,,,,,,,,,,,,,,,,,
500001,PVP_Map01,PvP_Stage,,,1,1,,500001,,500001,,40,,1,,,,1005001,10000,10000_1,10010050,,0,0,0,0,0,,,,,,
;승급 던전,,,,,,,,,,,,,,,,,,,,,,,,,,,,,,,,,
600001,UpGrade_Map01,UpGrade_Stage,,,1,1,600001,600001,600002,600001,,30,,1,600001_1,,,,,,100600001,,0,0,0,0,0,,,,,,
600002,UpGrade_Map01,UpGrade_Stage,,,1,2,600002,600002,600003,600002,,30,,1,600002_1,,,,,,100600002,,0,0,0,0,0,,,,,,
600003,UpGrade_Map01,UpGrade_Stage,,,1,3,600003,600003,600004,600003,,30,,1,600003_1,,,,,,100600003,,0,0,0,0,0,,,,,,
600004,UpGrade_Map01,UpGrade_Stage,,,1,4,600004,600004,,600004,,30,,1,600004_1,,,,,,100600004,,0,0,0,0,0,,,,,,
;기사단 던전,,,,,,,,,,,,,,,,,,,,,,,,,,,,,,,,,
700001,Knights_Map01,Knights_Stage,,,1,1,100115,700001,700002,700001,,40,Knights_Ticket,1,"700001_1,700001_2,700001_3",,,,,,700001,710001,0,0,0,0,0,,,,,,
700002,Knights_Map01,Knights_Stage,,,1,2,,700001,700003,700001,,40,Knights_Ticket,1,"700001_1,700001_2,700001_3",,,,,,700002,710002,0,0,0,0,0,,,,,,
700003,Knights_Map01,Knights_Stage,,,1,3,,700002,700004,700002,,40,Knights_Ticket,1,"700001_1,700001_2,700001_3",,,,,,700003,710003,0,0,0,0,0,,,,,,
700004,Knights_Map01,Knights_Stage,,,1,4,,700003,700005,700003,,40,Knights_Ticket,1,"700001_1,700001_2,700001_3",,,,,,700004,710004,0,0,0,0,0,,,,,,
700005,Knights_Map01,Knights_Stage,,,1,5,,700004,700006,700004,,40,Knights_Ticket,1,"700001_1,700001_2,700001_3",,,,,,700005,710005,0,0,0,0,0,,,,,,
700006,Knights_Map01,Knights_Stage,,,1,6,,700005,700007,700005,,40,Knights_Ticket,1,"700001_1,700001_2,700001_3",,,,,,700006,710006,0,0,0,0,0,,,,,,
700007,Knights_Map01,Knights_Stage,,,1,7,,700006,700008,700006,,40,Knights_Ticket,1,"700001_1,700001_2,700001_3",,,,,,700007,710007,0,0,0,0,0,,,,,,
700008,Knights_Map01,Knights_Stage,,,1,8,,700007,700009,700007,,40,Knights_Ticket,1,"700001_1,700001_2,700001_3",,,,,,700008,710008,0,0,0,0,0,,,,,,
700009,Knights_Map01,Knights_Stage,,,1,9,,700008,700010,700008,,40,Knights_Ticket,1,"700001_1,700001_2,700001_3",,,,,,700009,710009,0,0,0,0,0,,,,,,
700010,Knights_Map01,Knights_Stage,,,1,10,,700009,700011,700009,,40,Knights_Ticket,1,"700001_1,700001_2,700001_3",,,,,,700010,710010,0,0,0,0,0,,,,,,
700011,Knights_Map01,Knights_Stage,,,2,1,,700010,700012,700010,,40,Knights_Ticket,1,"700001_1,700001_2,700001_3",,,,,,700011,710011,0,0,0,0,0,,,,,,
700012,Knights_Map01,Knights_Stage,,,2,2,,700011,700013,700011,,40,Knights_Ticket,1,"700001_1,700001_2,700001_3",,,,,,700012,710012,0,0,0,0,0,,,,,,
700013,Knights_Map01,Knights_Stage,,,2,3,,700012,700014,700012,,40,Knights_Ticket,1,"700001_1,700001_2,700001_3",,,,,,700013,710013,0,0,0,0,0,,,,,,
700014,Knights_Map01,Knights_Stage,,,2,4,,700013,700015,700013,,40,Knights_Ticket,1,"700001_1,700001_2,700001_3",,,,,,700014,710014,0,0,0,0,0,,,,,,
700015,Knights_Map01,Knights_Stage,,,2,5,,700014,700016,700014,,40,Knights_Ticket,1,"700001_1,700001_2,700001_3",,,,,,700015,710015,0,0,0,0,0,,,,,,
700016,Knights_Map01,Knights_Stage,,,2,6,,700015,700017,700015,,40,Knights_Ticket,1,"700001_1,700001_2,700001_3",,,,,,700016,710016,0,0,0,0,0,,,,,,
700017,Knights_Map01,Knights_Stage,,,2,7,,700016,700018,700016,,40,Knights_Ticket,1,"700001_1,700001_2,700001_3",,,,,,700017,710017,0,0,0,0,0,,,,,,
700018,Knights_Map01,Knights_Stage,,,2,8,,700017,700019,700017,,40,Knights_Ticket,1,"700001_1,700001_2,700001_3",,,,,,700018,710018,0,0,0,0,0,,,,,,
700019,Knights_Map01,Knights_Stage,,,2,9,,700018,700020,700018,,40,Knights_Ticket,1,"700001_1,700001_2,700001_3",,,,,,700019,710019,0,0,0,0,0,,,,,,
700020,Knights_Map01,Knights_Stage,,,2,10,,700019,700021,700019,,40,Knights_Ticket,1,"700001_1,700001_2,700001_3",,,,,,700020,710020,0,0,0,0,0,,,,,,
700021,Knights_Map01,Knights_Stage,,,3,1,,700020,700022,700020,,40,Knights_Ticket,1,"700001_1,700001_2,700001_3",,,,,,700021,710021,0,0,0,0,0,,,,,,
700022,Knights_Map01,Knights_Stage,,,3,2,,700021,700023,700021,,40,Knights_Ticket,1,"700001_1,700001_2,700001_3",,,,,,700022,710022,0,0,0,0,0,,,,,,
700023,Knights_Map01,Knights_Stage,,,3,3,,700022,700024,700022,,40,Knights_Ticket,1,"700001_1,700001_2,700001_3",,,,,,700023,710023,0,0,0,0,0,,,,,,
700024,Knights_Map01,Knights_Stage,,,3,4,,700023,700025,700023,,40,Knights_Ticket,1,"700001_1,700001_2,700001_3",,,,,,700024,710024,0,0,0,0,0,,,,,,
700025,Knights_Map01,Knights_Stage,,,3,5,,700024,700026,700024,,40,Knights_Ticket,1,"700001_1,700001_2,700001_3",,,,,,700025,710025,0,0,0,0,0,,,,,,
700026,Knights_Map01,Knights_Stage,,,3,6,,700025,700027,700025,,40,Knights_Ticket,1,"700001_1,700001_2,700001_3",,,,,,700026,710026,0,0,0,0,0,,,,,,
700027,Knights_Map01,Knights_Stage,,,3,7,,700026,700028,700026,,40,Knights_Ticket,1,"700001_1,700001_2,700001_3",,,,,,700027,710027,0,0,0,0,0,,,,,,
700028,Knights_Map01,Knights_Stage,,,3,8,,700027,700029,700027,,40,Knights_Ticket,1,"700001_1,700001_2,700001_3",,,,,,700028,710028,0,0,0,0,0,,,,,,
700029,Knights_Map01,Knights_Stage,,,3,9,,700028,700030,700028,,40,Knights_Ticket,1,"700001_1,700001_2,700001_3",,,,,,700029,710029,0,0,0,0,0,,,,,,
700030,Knights_Map01,Knights_Stage,,,3,10,,700029,,700029,,40,Knights_Ticket,1,"700001_1,700001_2,700001_3",,,,,,700030,710030,0,0,0,0,0,,,,,,
;테스트 던전,,,,,,,,,,,,,,,,,,,,,,,,,,,,,,,,,
900001,Test_Map01,Test_Stage,,,1,1,,900001,900002,900001,,99999,,0,900001_1,,,,,,10010050,,0,0,0,0,0,,,,,,
